Workbook

Sheet Replacement_Candidates_CLEAN
A1: EMERGENCY REPLACEMENT CANDIDATES — STAFF VIEW
A2: Auto-filtered. Emergency orders only. Sorted by Final Priority Score.
A4: Order ID | B4: Grinder Name | C4: Tier | D4: Effective Bid | E4: Delivery Days | F4: Margin% | G4: Final Score | H4: WHY | I4: Recommended
A5: =IFERROR(__xludf.DUMMYFUNCTION("LET(data,Queue_All!A6:AZ500,hdr,Queue_All!A5:AZ5,eflag,Queue_All!AN6:AN500,score,Queue_All!AC6:AC500,filtered,FILTER(data,eflag=1),sorted,SORTBY(filtered,score,-1),CHOOSECOLS(sorted,MATCH(""OrderID"",hdr,0),MATCH(""GrinderName"",hdr,0),MATCH(""Tier"",hdr,"&"0),MATCH(""EffectiveBidAmount"",hdr,0),MATCH(""DeliveryDays"",hdr,0),MATCH(""Margin%"",hdr,0),MATCH(""FinalPriorityScore"",hdr,0),MATCH(""WHY"",hdr,0)))"),"#VALUE!") -> #VALUE! | I5: =IF($A5="","",IF(ROW()=5,"✅ Recommended","")) -> #VALUE!
I6: =IF($A6="","",IF(ROW()=5,"✅ Recommended",""))
I7: =IF($A7="","",IF(ROW()=5,"✅ Recommended",""))
I8: =IF($A8="","",IF(ROW()=5,"✅ Recommended",""))
I9: =IF($A9="","",IF(ROW()=5,"✅ Recommended",""))
I10: =IF($A10="","",IF(ROW()=5,"✅ Recommended",""))
I11: =IF($A11="","",IF(ROW()=5,"✅ Recommended",""))
I12: =IF($A12="","",IF(ROW()=5,"✅ Recommended",""))
I13: =IF($A13="","",IF(ROW()=5,"✅ Recommended",""))
I14: =IF($A14="","",IF(ROW()=5,"✅ Recommended",""))
I15: =IF($A15="","",IF(ROW()=5,"✅ Recommended",""))
I16: =IF($A16="","",IF(ROW()=5,"✅ Recommended",""))
I17: =IF($A17="","",IF(ROW()=5,"✅ Recommended",""))
... I504: =IF($A504="","",IF(ROW()=5,"✅ Recommended",""))

Sheet Replacement_Queue
A1: EMERGENCY REPLACEMENT QUEUE (auto)
A2: (Shows only Queue_All rows where EmergencyFlag=1. If you see 'No emergency orders', there are none.)
A4: =Queue_All!A5:AO5 -> QUEUE POSITION
A5: =IFERROR(__xludf.DUMMYFUNCTION("LET(data,Queue_All!A6:AO500,flag,Queue_All!AN6:AN500,FILTER(data,flag=1,""No emergency orders""))"),"#N/A") -> #N/A

Sheet Replacement_Candidates
A1: EMERGENCY REPLACEMENT CANDIDATES (Top 5 per order)
A2: Auto-built from Queue_All where EmergencyFlag=1. Shows top 5 grinders by FinalPriorityScore for each emergency order.
A4: =IFERROR(__xludf.DUMMYFUNCTION("LET( data,Queue_All!A6:CA500, flag,Queue_All!AN6:AN500, ordcol,Queue_All!C6:C500, scorecol,Queue_All!AC6:AC500, orders,UNIQUE(FILTER(ordcol,flag=1)), header,Queue_All!A5:CA5, REDUCE(header,orders,LAMBDA(acc,o, LET( rows,FILTER(data,(ordcol=o)*(flag=1),"""&"""), scores,FILTER(scorecol,(ordcol=o)*(flag=1),""""), top,TAKE(SORTBY(rows,scores,-1),5), VSTACK(acc,"""",HSTACK(""ORDER:"",o),top) ) )) )"),"QUEUE POSITION") -> QUEUE POSITION | B4: =IFERROR(__xludf.DUMMYFUNCTION("""COMPUTED_VALUE"""),"BidID") -> BidID | C4: =IFERROR(__xludf.DUMMYFUNCTION("""COMPUTED_VALUE"""),"OrderID") -> OrderID | D4: =IFERROR(__xludf.DUMMYFUNCTION("""COMPUTED_VALUE"""),"OrderStatus") -> OrderStatus | E4: =IFERROR(__xludf.DUMMYFUNCTION("""COMPUTED_VALUE"""),"Service") -> Service | F4: =IFERROR(__xludf.DUMMYFUNCTION("""COMPUTED_VALUE"""),"CustomerPrice") -> CustomerPrice | G4: =IFERROR(__xludf.DUMMYFUNCTION("""COMPUTED_VALUE"""),"DueDateTime") -> DueDateTime | H4: =IFERROR(__xludf.DUMMYFUNCTION("""COMPUTED_VALUE"""),"Rush") -> Rush | I4: =IFERROR(__xludf.DUMMYFUNCTION("""COMPUTED_VALUE"""),"Complexity") -> Complexity | J4: =IFERROR(__xludf.DUMMYFUNCTION("""COMPUTED_VALUE"""),"GrinderID") -> GrinderID | K4: =IFERROR(__xludf.DUMMYFUNCTION("""COMPUTED_VALUE"""),"GrinderName") -> GrinderName | L4: =IFERROR(__xludf.DUMMYFUNCTION("""COMPUTED_VALUE"""),"Tier") -> Tier | M4: =IFERROR(__xludf.DUMMYFUNCTION("""COMPUTED_VALUE"""),"Capacity") -> Capacity | N4: =IFERROR(__xludf.DUMMYFUNCTION("""COMPUTED_VALUE"""),"ActiveOrders") -> ActiveOrders | O4: =IFERROR(__xludf.DUMMYFUNCTION("""COMPUTED_VALUE"""),"Utilization") -> Utilization | P4: =IFERROR(__xludf.DUMMYFUNCTION("""COMPUTED_VALUE"""),"OrdersAssigned7d") -> OrdersAssigned7d | Q4: =IFERROR(__xludf.DUMMYFUNCTION("""COMPUTED_VALUE"""),"DaysIdle") -> DaysIdle | R4: =IFERROR(__xludf.DUMMYFUNCTION("""COMPUTED_VALUE"""),"FairnessScore") -> FairnessScore | S4: =IFERROR(__xludf.DUMMYFUNCTION("""COMPUTED_VALUE"""),"BidAmount") -> BidAmount | T4: =IFERROR(__xludf.DUMMYFUNCTION("""COMPUTED_VALUE"""),"EstDeliveryDateTime") -> EstDeliveryDateTime | U4: =IFERROR(__xludf.DUMMYFUNCTION("""COMPUTED_VALUE"""),"Margin%") -> Margin% | V4: =IFERROR(__xludf.DUMMYFUNCTION("""COMPUTED_VALUE"""),"ProfitScore") -> ProfitScore | W4: =IFERROR(__xludf.DUMMYFUNCTION("""COMPUTED_VALUE"""),"TierScore") -> TierScore | X4: =IFERROR(__xludf.DUMMYFUNCTION("""COMPUTED_VALUE"""),"DeliveryScore") -> DeliveryScore | Y4: =IFERROR(__xludf.DUMMYFUNCTION("""COMPUTED_VALUE"""),"QualityScore") -> QualityScore | Z4: =IFERROR(__xludf.DUMMYFUNCTION("""COMPUTED_VALUE"""),"ReliabilityScore") -> ReliabilityScore | AA4: =IFERROR(__xludf.DUMMYFUNCTION("""COMPUTED_VALUE"""),"RiskScore") -> RiskScore | AB4: =IFERROR(__xludf.DUMMYFUNCTION("""COMPUTED_VALUE"""),"Eligible") -> Eligible | AC4: =IFERROR(__xludf.DUMMYFUNCTION("""COMPUTED_VALUE"""),"FinalPriorityScore") -> FinalPriorityScore | AD4: =IFERROR(__xludf.DUMMYFUNCTION("""COMPUTED_VALUE"""),"RankWithinOrder") -> RankWithinOrder | AE4: =IFERROR(__xludf.DUMMYFUNCTION("""COMPUTED_VALUE"""),"WinnerFlag") -> WinnerFlag | AF4: =IFERROR(__xludf.DUMMYFUNCTION("""COMPUTED_VALUE"""),"Why_Breakdown") -> Why_Breakdown | AG4: =IFERROR(__xludf.DUMMYFUNCTION("""COMPUTED_VALUE"""),"LifetimeAssigned") -> LifetimeAssigned | AH4: =IFERROR(__xludf.DUMMYFUNCTION("""COMPUTED_VALUE"""),"NewGrinderBonus") -> NewGrinderBonus | AI4: =IFERROR(__xludf.DUMMYFUNCTION("""COMPUTED_VALUE"""),"HighValueEliteBonus") -> HighValueEliteBonus | AK4: =IFERROR(__xludf.DUMMYFUNCTION("""COMPUTED_VALUE"""),"StrikePenalty") -> StrikePenalty | AL4: =IFERROR(__xludf.DUMMYFUNCTION("""COMPUTED_VALUE"""),"StrikeLockout") -> StrikeLockout | AM4: =IFERROR(__xludf.DUMMYFUNCTION("""COMPUTED_VALUE"""),"CounterPending") -> CounterPending | AN4: =IFERROR(__xludf.DUMMYFUNCTION("""COMPUTED_VALUE"""),"EmergencyFlag") -> EmergencyFlag | AO4: =IFERROR(__xludf.DUMMYFUNCTION("""COMPUTED_VALUE"""),"EmergencyBoost") -> EmergencyBoost
A5: =IFERROR(__xludf.DUMMYFUNCTION("""COMPUTED_VALUE"""),"") | B5: =IFERROR(__xludf.DUMMYFUNCTION("""COMPUTED_VALUE"""),"#N/A") -> #N/A | C5: =IFERROR(__xludf.DUMMYFUNCTION("""COMPUTED_VALUE"""),"#N/A") -> #N/A | D5: =IFERROR(__xludf.DUMMYFUNCTION("""COMPUTED_VALUE"""),"#N/A") -> #N/A | E5: =IFERROR(__xludf.DUMMYFUNCTION("""COMPUTED_VALUE"""),"#N/A") -> #N/A | F5: =IFERROR(__xludf.DUMMYFUNCTION("""COMPUTED_VALUE"""),"#N/A") -> #N/A | G5: =IFERROR(__xludf.DUMMYFUNCTION("""COMPUTED_VALUE"""),"#N/A") -> #N/A | H5: =IFERROR(__xludf.DUMMYFUNCTION("""COMPUTED_VALUE"""),"#N/A") -> #N/A | I5: =IFERROR(__xludf.DUMMYFUNCTION("""COMPUTED_VALUE"""),"#N/A") -> #N/A | ... AO5: =IFERROR(__xludf.DUMMYFUNCTION("""COMPUTED_VALUE"""),"#N/A") -> #N/A
A6: =IFERROR(__xludf.DUMMYFUNCTION("""COMPUTED_VALUE"""),"ORDER:") -> ORDER: | B6: =IFERROR(__xludf.DUMMYFUNCTION("""COMPUTED_VALUE"""),"#N/A") -> #N/A | C6: =IFERROR(__xludf.DUMMYFUNCTION("""COMPUTED_VALUE"""),"#N/A") -> #N/A | D6: =IFERROR(__xludf.DUMMYFUNCTION("""COMPUTED_VALUE"""),"#N/A") -> #N/A | E6: =IFERROR(__xludf.DUMMYFUNCTION("""COMPUTED_VALUE"""),"#N/A") -> #N/A | F6: =IFERROR(__xludf.DUMMYFUNCTION("""COMPUTED_VALUE"""),"#N/A") -> #N/A | G6: =IFERROR(__xludf.DUMMYFUNCTION("""COMPUTED_VALUE"""),"#N/A") -> #N/A | H6: =IFERROR(__xludf.DUMMYFUNCTION("""COMPUTED_VALUE"""),"#N/A") -> #N/A | I6: =IFERROR(__xludf.DUMMYFUNCTION("""COMPUTED_VALUE"""),"#N/A") -> #N/A | ... AO6: =IFERROR(__xludf.DUMMYFUNCTION("""COMPUTED_VALUE"""),"#N/A") -> #N/A
A7: =IFERROR(__xludf.DUMMYFUNCTION("""COMPUTED_VALUE"""),"#NAME?") -> #NAME? | B7: =IFERROR(__xludf.DUMMYFUNCTION("""COMPUTED_VALUE"""),"#N/A") -> #N/A | C7: =IFERROR(__xludf.DUMMYFUNCTION("""COMPUTED_VALUE"""),"#N/A") -> #N/A | D7: =IFERROR(__xludf.DUMMYFUNCTION("""COMPUTED_VALUE"""),"#N/A") -> #N/A | E7: =IFERROR(__xludf.DUMMYFUNCTION("""COMPUTED_VALUE"""),"#N/A") -> #N/A | F7: =IFERROR(__xludf.DUMMYFUNCTION("""COMPUTED_VALUE"""),"#N/A") -> #N/A | G7: =IFERROR(__xludf.DUMMYFUNCTION("""COMPUTED_VALUE"""),"#N/A") -> #N/A | H7: =IFERROR(__xludf.DUMMYFUNCTION("""COMPUTED_VALUE"""),"#N/A") -> #N/A | I7: =IFERROR(__xludf.DUMMYFUNCTION("""COMPUTED_VALUE"""),"#N/A") -> #N/A | ... AO7: =IFERROR(__xludf.DUMMYFUNCTION("""COMPUTED_VALUE"""),"#N/A") -> #N/A

Sheet README
A1: Grinder Orders Priority Queue — Template
A3: Quick start
A5: 1) Fill Services, Grinders, GrinderServices (eligibility).
A6: 2) Log Orders. Enter Bids as they come in.
A7: 3) Use Queue_All for global dispatch; Queue_Service for a specific service subset.
A8: 4) Log awarded orders in Assignments to update load balancing and performance history.
A9: 5) Tune weights + guardrails in Config (blue cells are inputs).

Sheet Config
A1: Config / Tuning
A3: AsOfDate | B3: 46071
A5: Weights (0–1, sum to 1.0) | C5: w/data
A6: ProfitWeight | B6: 0.4 | C6: 0.33
A7: FairnessWeight | B7: 0.36 | C7: 0.27
A8: TierWeight | B8: 0.04 | C8: 0.05
A9: DeliveryWeight | B9: 0.15 | C9: 0.13
A10: QualityWeight | B10: 0.05 | C10: 0.07
A11: ReliabilityWeight | B11: 0 | C11: 0.1
A12: RiskWeight | B12: 0 | C12: 0.05
A13: TotalWeight | B13: =SUM(B6:B12) -> 1 | C13: =SUM(C6:C12) -> 1
A15: Guardrails
A16: MinMarginPct | B16: 0.25
A17: TargetMarginPct | B17: 0.35
A18: OverCapacityDisqualify | B18: 1
A19: LateToleranceHours | B19: 24
A20: EarlyBonusHours | B20: 24
A21: EliteBonusPoints | B21: =B39 -> 8
A22: MaxFairnessIdleBonus | B22: 15
A23: IdleBonusFullAfterDays | B23: 7
A26: Fairness components
A27: Fair_LoadWeight | B27: 0.55
A28: Fair_Recent7dWeight | B28: 0.3
A29: Fair_IdleWeight | B29: 0.15
A30: Fair_TargetOrders7d | B30: =B38 -> 1
A32: Scale / Auto-Tuning Inputs
A33: DailyOrdersAssumption | B33: 3
A34: TotalGrinders | B34: =COUNTA(Grinders!$A$4:$A$998) -> 73
A35: EliteCount | B35: =COUNTIF(Grinders!$C$4:$C$998,"Elite") -> 8
A36: EliteShare | B36: =IF(B34=0,0,B35/B34) -> 0.10958904
A37: WeeklyOrdersAssumption | B37: =B33*7 -> 21
A38: Auto_TargetOrders7d | B38: =MAX(1,ROUND(B37/B34,0)) -> 1
A39: Auto_EliteBonusPoints | B39: =MAX(4,MIN(8,ROUND(9-8*B36,0))) -> 8
A41: LargeOrderThreshold | B41: 500
A42: LargeOrderEliteBonusPoints | B42: 2
A43: NewGrinderBonusPoints | B43: 2
A1001: Strike3_HighValueThreshold | B1001: 500
A1002: Strike3_LockoutServices | B1002: REP GRINDING,BADGE GRINDING,EVENT GRINDING
A1003: Strike3_LockoutEnabled | B1003: Y
A1004: StrikeExpireEnabled | B1004: Y
A1005: StrikeExpireDays | B1005: 30
A1006: EmergencyReplacementEnabled | B1006: Y
A1007: EmergencyReplacementBoost | B1007: 0.12

Sheet Services
A1: Services
A3: Service Name | B3: Service Group | C3: Default Complexity (1-5) | D3: SLA_Days | E3: Notes
A4: Rep Grinding ⚡ | B4: Rep | C4: 5 | D4: 7 | E4: —
A5: Badge Grinding 🎖️ | B5: Badges | C5: 2 | D5: 5 | E5: —
A6: Hot Zones 🔥 | B6: MyPlayer Perks | C6: 1 | D6: 1 | E6: —
A7: Build Specializations 🛠️ | B7: MyPlayer Perks | C7: 2 | D7: 10 | E7: —
A8: Lifetime Challenges 🏆 | B8: MyPlayer Perks | C8: 5 | D8: 14 | E8: —
A9: Plate Card Grinding 🃏 | B9: MyPlayer Perks | C9: 3 | D9: 2 | E9: —
A10: VC Grinding 🪙 | B10: VC | C10: 1 | D10: 5 | E10: —
A11: Event Grinding 🏟️ | B11: Events | C11: 5 | D11: 3 | E11: —
A12: Bundle Order 🎁 | B12: Bundle | C12: 5 | D12: 10 | E12: —
A13: Season Pass Grinding 🎫 | B13: MyPlayer Perks | C13: 2 | D13: 7 | E13: —
A14: Add-Ons ➕ | B14: Other | C14: 1 | D14: 2 | E14: —

Sheet Grinders
A1: Grinders | R1: =IF(A4="","",IFERROR(AVERAGEIFS(Assignments!$J:$J,Assignments!$B:$B,A4,Assignments!$E:$E,"Completed"),""))
A3: Grinder ID | B3: Grinder | C3: Tier | D3: Capacity | E3: Active Orders | F3: Orders Assigned L-7D | G3: Last Assigned | H3: Days Since Last Assigned | I3: Utilization | J3: Avg Quality Rating (1-5) | K3: On Time Rate | L3: Cancel Rate | M3: Avg Turnaround Days | N3: Notes | P3: Strikes(0-3) | Q3: StrikePenalty | R3: AvgMargin% | S3: Reassignments_AsOriginal_30d | T3: Saves_AsReplacement_30d | U3: ReassignRate_30d | V3: NetReassignScore
A4: GRD-01 | B4: 7unds | C4: Regular | D4: =IF($C4="Regular","3","5") -> 3 | E4: =IF($A4="","",COUNTIFS(Assignments!$B$6:$B$305,$A4,Assignments!$E$6:$E$305,"Active")) -> 1 | F4: =IF($A4="","",COUNTIFS(Assignments!$B$6:$B$305,$A4,Assignments!$D$6:$D$305,">="&Config!$B$3-7,Assignments!$D$6:$D$305,"<="&Config!$B$3)) -> 0 | G4: =IF($A4="","",MAXIFS(Assignments!$D$6:$D$305,Assignments!$B$6:$B$305,$A4)) -> 46074 | H4: =IF($A4="","",IF($G4="","",Config!$B$3-$G4)) -> -3 | I4: =IF($A4="","",IF($D4=0,"",$E4/$D4)) -> 0.33333333 | J4: =IF($A4="","",IFERROR(AVERAGEIFS(Assignments!$N$6:$N$1000,Assignments!$B$6:$B$1000,$A4,Assignments!$E$6:$E$1000,"Completed"),"")) | K4: =IF($A4="","",IFERROR(AVERAGEIFS(Assignments!$AO:$AO,Assignments!$B:$B,$A4,Assignments!$E:$E,"Completed"),"")) | L4: =IF($A4="","",IFERROR(COUNTIFS(Assignments!$B$6:$B$1000,$A4,Assignments!$E$6:$E$1000,"Cancelled")/MAX(1,COUNTIFS(Assignments!$B$6:$B$1000,$A4,Assignments!$E$6:$E$1000,"Completed")+COUNTIFS(Assignments!$B$6:$B$1000,$A4,Assignments!$E$6:$E$1000,"Cancelled")),"")) -> 0 | M4: =IF($A4="","",IFERROR(AVERAGEIFS(Assignments!$P$6:$P$1000,Assignments!$B$6:$B$1000,$A4,Assignments!$E$6:$E$1000,"Completed"),"")) | N4: - | P4: =IF(A4="","",MAX(0,MIN(3,SUMIFS(Strike_Log!$C:$C,Strike_Log!$B:$B,A4,Strike_Log!$A:$A,">="&IF(Config!$B$1004="Y",TODAY()-Config!$B$1005,DATE(1900,1,1)),Strike_Log!$I:$I,1)))) -> 0 | Q4: =IF(P4="",0,CHOOSE(MIN(3,MAX(0,P4))+1,0,0.03,0.07,0.2)) -> 0 | S4: =IF(A4="","",COUNTIFS(Assignments!$B:$B,A4,Assignments!$AE:$AE, "Y",Assignments!$D:$D,">="&TODAY()-30)) -> 0 | T4: =IF(A4="","",COUNTIFS(Assignments!$AF:$AF,A4,Assignments!$AE:$AE, "Y",Assignments!$D:$D,">="&TODAY()-30)) -> 0 | U4: =IF(A4="","",IFERROR(S4/MAX(1,COUNTIFS(Assignments!$B:$B,A4,Assignments!$D:$D,">="&TODAY()-30)),"")) -> 0 | V4: =IF(A4="","",T4-S4) -> 0
A5: GRD-02 | B5: 8fy1 | C5: Regular | D5: =IF($C5="Regular","3","5") -> 3 | E5: =IF($A5="","",COUNTIFS(Assignments!$B$6:$B$305,$A5,Assignments!$E$6:$E$305,"Active")) -> 0 | F5: =IF($A5="","",COUNTIFS(Assignments!$B$6:$B$305,$A5,Assignments!$D$6:$D$305,">="&Config!$B$3-7,Assignments!$D$6:$D$305,"<="&Config!$B$3)) -> 0 | G5: =IF($A5="","",MAXIFS(Assignments!$D$6:$D$305,Assignments!$B$6:$B$305,$A5)) -> 0 | H5: =IF($A5="","",IF($G5="","",Config!$B$3-$G5)) -> 46071 | I5: =IF($A5="","",IF($D5=0,"",$E5/$D5)) -> 0 | J5: =IF($A5="","",IFERROR(AVERAGEIFS(Assignments!$N$6:$N$1000,Assignments!$B$6:$B$1000,$A5,Assignments!$E$6:$E$1000,"Completed"),"")) | K5: =IF($A5="","",IFERROR(AVERAGEIFS(Assignments!$AO:$AO,Assignments!$B:$B,$A5,Assignments!$E:$E,"Completed"),"")) | L5: =IF($A5="","",IFERROR(COUNTIFS(Assignments!$B$6:$B$1000,$A5,Assignments!$E$6:$E$1000,"Cancelled")/MAX(1,COUNTIFS(Assignments!$B$6:$B$1000,$A5,Assignments!$E$6:$E$1000,"Completed")+COUNTIFS(Assignments!$B$6:$B$1000,$A5,Assignments!$E$6:$E$1000,"Cancelled")),"")) -> 0 | M5: =IF($A5="","",IFERROR(AVERAGEIFS(Assignments!$P$6:$P$1000,Assignments!$B$6:$B$1000,$A5,Assignments!$E$6:$E$1000,"Completed"),"")) | N5: - | P5: =IF(A5="","",MAX(0,MIN(3,SUMIFS(Strike_Log!$C:$C,Strike_Log!$B:$B,A5,Strike_Log!$A:$A,">="&IF(Config!$B$1004="Y",TODAY()-Config!$B$1005,DATE(1900,1,1)),Strike_Log!$I:$I,1)))) -> 0 | Q5: =IF(P5="",0,CHOOSE(MIN(3,MAX(0,P5))+1,0,0.03,0.07,0.2)) -> 0 | R5: =IF(A5="","",IFERROR(AVERAGEIFS(Assignments!$J:$J,Assignments!$B:$B,A5,Assignments!$E:$E,"Completed"),"")) | S5: =IF(A5="","",COUNTIFS(Assignments!$B:$B,A5,Assignments!$AE:$AE, "Y",Assignments!$D:$D,">="&TODAY()-30)) -> 0 | T5: =IF(A5="","",COUNTIFS(Assignments!$AF:$AF,A5,Assignments!$AE:$AE, "Y",Assignments!$D:$D,">="&TODAY()-30)) -> 0 | U5: =IF(A5="","",IFERROR(S5/MAX(1,COUNTIFS(Assignments!$B:$B,A5,Assignments!$D:$D,">="&TODAY()-30)),"")) -> 0 | V5: =IF(A5="","",T5-S5) -> 0
A6: GRD-03 | B6: ahdedazs | C6: Regular | D6: =IF($C6="Regular","3","5") -> 3 | E6: =IF($A6="","",COUNTIFS(Assignments!$B$6:$B$305,$A6,Assignments!$E$6:$E$305,"Active")) -> 0 | F6: =IF($A6="","",COUNTIFS(Assignments!$B$6:$B$305,$A6,Assignments!$D$6:$D$305,">="&Config!$B$3-7,Assignments!$D$6:$D$305,"<="&Config!$B$3)) -> 0 | G6: =IF($A6="","",MAXIFS(Assignments!$D$6:$D$305,Assignments!$B$6:$B$305,$A6)) -> 0 | H6: =IF($A6="","",IF($G6="","",Config!$B$3-$G6)) -> 46071 | I6: =IF($A6="","",IF($D6=0,"",$E6/$D6)) -> 0 | J6: =IF($A6="","",IFERROR(AVERAGEIFS(Assignments!$N$6:$N$1000,Assignments!$B$6:$B$1000,$A6,Assignments!$E$6:$E$1000,"Completed"),"")) | K6: =IF($A6="","",IFERROR(AVERAGEIFS(Assignments!$AO:$AO,Assignments!$B:$B,$A6,Assignments!$E:$E,"Completed"),"")) | L6: =IF($A6="","",IFERROR(COUNTIFS(Assignments!$B$6:$B$1000,$A6,Assignments!$E$6:$E$1000,"Cancelled")/MAX(1,COUNTIFS(Assignments!$B$6:$B$1000,$A6,Assignments!$E$6:$E$1000,"Completed")+COUNTIFS(Assignments!$B$6:$B$1000,$A6,Assignments!$E$6:$E$1000,"Cancelled")),"")) -> 0 | M6: =IF($A6="","",IFERROR(AVERAGEIFS(Assignments!$P$6:$P$1000,Assignments!$B$6:$B$1000,$A6,Assignments!$E$6:$E$1000,"Completed"),"")) | N6: - | P6: =IF(A6="","",MAX(0,MIN(3,SUMIFS(Strike_Log!$C:$C,Strike_Log!$B:$B,A6,Strike_Log!$A:$A,">="&IF(Config!$B$1004="Y",TODAY()-Config!$B$1005,DATE(1900,1,1)),Strike_Log!$I:$I,1)))) -> 0 | Q6: =IF(P6="",0,CHOOSE(MIN(3,MAX(0,P6))+1,0,0.03,0.07,0.2)) -> 0 | R6: =IF(A6="","",IFERROR(AVERAGEIFS(Assignments!$J:$J,Assignments!$B:$B,A6,Assignments!$E:$E,"Completed"),"")) | S6: =IF(A6="","",COUNTIFS(Assignments!$B:$B,A6,Assignments!$AE:$AE, "Y",Assignments!$D:$D,">="&TODAY()-30)) -> 0 | T6: =IF(A6="","",COUNTIFS(Assignments!$AF:$AF,A6,Assignments!$AE:$AE, "Y",Assignments!$D:$D,">="&TODAY()-30)) -> 0 | U6: =IF(A6="","",IFERROR(S6/MAX(1,COUNTIFS(Assignments!$B:$B,A6,Assignments!$D:$D,">="&TODAY()-30)),"")) -> 0 | V6: =IF(A6="","",T6-S6) -> 0
A7: GRD-04 | B7: andydpoy | C7: Regular | D7: =IF($C7="Regular","3","5") -> 3 | E7: =IF($A7="","",COUNTIFS(Assignments!$B$6:$B$305,$A7,Assignments!$E$6:$E$305,"Active")) -> 0 | F7: =IF($A7="","",COUNTIFS(Assignments!$B$6:$B$305,$A7,Assignments!$D$6:$D$305,">="&Config!$B$3-7,Assignments!$D$6:$D$305,"<="&Config!$B$3)) -> 0 | G7: =IF($A7="","",MAXIFS(Assignments!$D$6:$D$305,Assignments!$B$6:$B$305,$A7)) -> 0 | H7: =IF($A7="","",IF($G7="","",Config!$B$3-$G7)) -> 46071 | I7: =IF($A7="","",IF($D7=0,"",$E7/$D7)) -> 0 | J7: =IF($A7="","",IFERROR(AVERAGEIFS(Assignments!$N$6:$N$1000,Assignments!$B$6:$B$1000,$A7,Assignments!$E$6:$E$1000,"Completed"),"")) | K7: =IF($A7="","",IFERROR(AVERAGEIFS(Assignments!$AO:$AO,Assignments!$B:$B,$A7,Assignments!$E:$E,"Completed"),"")) | L7: =IF($A7="","",IFERROR(COUNTIFS(Assignments!$B$6:$B$1000,$A7,Assignments!$E$6:$E$1000,"Cancelled")/MAX(1,COUNTIFS(Assignments!$B$6:$B$1000,$A7,Assignments!$E$6:$E$1000,"Completed")+COUNTIFS(Assignments!$B$6:$B$1000,$A7,Assignments!$E$6:$E$1000,"Cancelled")),"")) -> 0 | M7: =IF($A7="","",IFERROR(AVERAGEIFS(Assignments!$P$6:$P$1000,Assignments!$B$6:$B$1000,$A7,Assignments!$E$6:$E$1000,"Completed"),"")) | N7: - | P7: =IF(A7="","",MAX(0,MIN(3,SUMIFS(Strike_Log!$C:$C,Strike_Log!$B:$B,A7,Strike_Log!$A:$A,">="&IF(Config!$B$1004="Y",TODAY()-Config!$B$1005,DATE(1900,1,1)),Strike_Log!$I:$I,1)))) -> 0 | Q7: =IF(P7="",0,CHOOSE(MIN(3,MAX(0,P7))+1,0,0.03,0.07,0.2)) -> 0 | R7: =IF(A7="","",IFERROR(AVERAGEIFS(Assignments!$J:$J,Assignments!$B:$B,A7,Assignments!$E:$E,"Completed"),"")) | S7: =IF(A7="","",COUNTIFS(Assignments!$B:$B,A7,Assignments!$AE:$AE, "Y",Assignments!$D:$D,">="&TODAY()-30)) -> 0 | T7: =IF(A7="","",COUNTIFS(Assignments!$AF:$AF,A7,Assignments!$AE:$AE, "Y",Assignments!$D:$D,">="&TODAY()-30)) -> 0 | U7: =IF(A7="","",IFERROR(S7/MAX(1,COUNTIFS(Assignments!$B:$B,A7,Assignments!$D:$D,">="&TODAY()-30)),"")) -> 0 | V7: =IF(A7="","",T7-S7) -> 0
A8: GRD-05 | B8: anklesreborn | C8: Regular | D8: =IF($C8="Regular","3","5") -> 3 | E8: =IF($A8="","",COUNTIFS(Assignments!$B$6:$B$305,$A8,Assignments!$E$6:$E$305,"Active")) -> 0 | F8: =IF($A8="","",COUNTIFS(Assignments!$B$6:$B$305,$A8,Assignments!$D$6:$D$305,">="&Config!$B$3-7,Assignments!$D$6:$D$305,"<="&Config!$B$3)) -> 0 | G8: =IF($A8="","",MAXIFS(Assignments!$D$6:$D$305,Assignments!$B$6:$B$305,$A8)) -> 0 | H8: =IF($A8="","",IF($G8="","",Config!$B$3-$G8)) -> 46071 | I8: =IF($A8="","",IF($D8=0,"",$E8/$D8)) -> 0 | J8: =IF($A8="","",IFERROR(AVERAGEIFS(Assignments!$N$6:$N$1000,Assignments!$B$6:$B$1000,$A8,Assignments!$E$6:$E$1000,"Completed"),"")) | K8: =IF($A8="","",IFERROR(AVERAGEIFS(Assignments!$AO:$AO,Assignments!$B:$B,$A8,Assignments!$E:$E,"Completed"),"")) | L8: =IF($A8="","",IFERROR(COUNTIFS(Assignments!$B$6:$B$1000,$A8,Assignments!$E$6:$E$1000,"Cancelled")/MAX(1,COUNTIFS(Assignments!$B$6:$B$1000,$A8,Assignments!$E$6:$E$1000,"Completed")+COUNTIFS(Assignments!$B$6:$B$1000,$A8,Assignments!$E$6:$E$1000,"Cancelled")),"")) -> 0 | M8: =IF($A8="","",IFERROR(AVERAGEIFS(Assignments!$P$6:$P$1000,Assignments!$B$6:$B$1000,$A8,Assignments!$E$6:$E$1000,"Completed"),"")) | N8: - | P8: =IF(A8="","",MAX(0,MIN(3,SUMIFS(Strike_Log!$C:$C,Strike_Log!$B:$B,A8,Strike_Log!$A:$A,">="&IF(Config!$B$1004="Y",TODAY()-Config!$B$1005,DATE(1900,1,1)),Strike_Log!$I:$I,1)))) -> 0 | Q8: =IF(P8="",0,CHOOSE(MIN(3,MAX(0,P8))+1,0,0.03,0.07,0.2)) -> 0 | R8: =IF(A8="","",IFERROR(AVERAGEIFS(Assignments!$J:$J,Assignments!$B:$B,A8,Assignments!$E:$E,"Completed"),"")) | S8: =IF(A8="","",COUNTIFS(Assignments!$B:$B,A8,Assignments!$AE:$AE, "Y",Assignments!$D:$D,">="&TODAY()-30)) -> 0 | T8: =IF(A8="","",COUNTIFS(Assignments!$AF:$AF,A8,Assignments!$AE:$AE, "Y",Assignments!$D:$D,">="&TODAY()-30)) -> 0 | U8: =IF(A8="","",IFERROR(S8/MAX(1,COUNTIFS(Assignments!$B:$B,A8,Assignments!$D:$D,">="&TODAY()-30)),"")) -> 0 | V8: =IF(A8="","",T8-S8) -> 0
A9: GRD-06 | B9: ant0513 | C9: Regular | D9: =IF($C9="Regular","3","5") -> 3 | E9: =IF($A9="","",COUNTIFS(Assignments!$B$6:$B$305,$A9,Assignments!$E$6:$E$305,"Active")) -> 0 | F9: =IF($A9="","",COUNTIFS(Assignments!$B$6:$B$305,$A9,Assignments!$D$6:$D$305,">="&Config!$B$3-7,Assignments!$D$6:$D$305,"<="&Config!$B$3)) -> 0 | G9: =IF($A9="","",MAXIFS(Assignments!$D$6:$D$305,Assignments!$B$6:$B$305,$A9)) -> 0 | H9: =IF($A9="","",IF($G9="","",Config!$B$3-$G9)) -> 46071 | I9: =IF($A9="","",IF($D9=0,"",$E9/$D9)) -> 0 | J9: =IF($A9="","",IFERROR(AVERAGEIFS(Assignments!$N$6:$N$1000,Assignments!$B$6:$B$1000,$A9,Assignments!$E$6:$E$1000,"Completed"),"")) | K9: =IF($A9="","",IFERROR(AVERAGEIFS(Assignments!$AO:$AO,Assignments!$B:$B,$A9,Assignments!$E:$E,"Completed"),"")) | L9: =IF($A9="","",IFERROR(COUNTIFS(Assignments!$B$6:$B$1000,$A9,Assignments!$E$6:$E$1000,"Cancelled")/MAX(1,COUNTIFS(Assignments!$B$6:$B$1000,$A9,Assignments!$E$6:$E$1000,"Completed")+COUNTIFS(Assignments!$B$6:$B$1000,$A9,Assignments!$E$6:$E$1000,"Cancelled")),"")) -> 0 | M9: =IF($A9="","",IFERROR(AVERAGEIFS(Assignments!$P$6:$P$1000,Assignments!$B$6:$B$1000,$A9,Assignments!$E$6:$E$1000,"Completed"),"")) | N9: - | P9: =IF(A9="","",MAX(0,MIN(3,SUMIFS(Strike_Log!$C:$C,Strike_Log!$B:$B,A9,Strike_Log!$A:$A,">="&IF(Config!$B$1004="Y",TODAY()-Config!$B$1005,DATE(1900,1,1)),Strike_Log!$I:$I,1)))) -> 0 | Q9: =IF(P9="",0,CHOOSE(MIN(3,MAX(0,P9))+1,0,0.03,0.07,0.2)) -> 0 | R9: =IF(A9="","",IFERROR(AVERAGEIFS(Assignments!$J:$J,Assignments!$B:$B,A9,Assignments!$E:$E,"Completed"),"")) | S9: =IF(A9="","",COUNTIFS(Assignments!$B:$B,A9,Assignments!$AE:$AE, "Y",Assignments!$D:$D,">="&TODAY()-30)) -> 0 | T9: =IF(A9="","",COUNTIFS(Assignments!$AF:$AF,A9,Assignments!$AE:$AE, "Y",Assignments!$D:$D,">="&TODAY()-30)) -> 0 | U9: =IF(A9="","",IFERROR(S9/MAX(1,COUNTIFS(Assignments!$B:$B,A9,Assignments!$D:$D,">="&TODAY()-30)),"")) -> 0 | V9: =IF(A9="","",T9-S9) -> 0
A10: GRD-07 | B10: asierxx | C10: Regular | D10: =IF($C10="Regular","3","5") -> 3 | E10: =IF($A10="","",COUNTIFS(Assignments!$B$6:$B$305,$A10,Assignments!$E$6:$E$305,"Active")) -> 0 | F10: =IF($A10="","",COUNTIFS(Assignments!$B$6:$B$305,$A10,Assignments!$D$6:$D$305,">="&Config!$B$3-7,Assignments!$D$6:$D$305,"<="&Config!$B$3)) -> 0 | G10: =IF($A10="","",MAXIFS(Assignments!$D$6:$D$305,Assignments!$B$6:$B$305,$A10)) -> 0 | H10: =IF($A10="","",IF($G10="","",Config!$B$3-$G10)) -> 46071 | I10: =IF($A10="","",IF($D10=0,"",$E10/$D10)) -> 0 | J10: =IF($A10="","",IFERROR(AVERAGEIFS(Assignments!$N$6:$N$1000,Assignments!$B$6:$B$1000,$A10,Assignments!$E$6:$E$1000,"Completed"),"")) | K10: =IF($A10="","",IFERROR(AVERAGEIFS(Assignments!$AO:$AO,Assignments!$B:$B,$A10,Assignments!$E:$E,"Completed"),"")) | L10: =IF($A10="","",IFERROR(COUNTIFS(Assignments!$B$6:$B$1000,$A10,Assignments!$E$6:$E$1000,"Cancelled")/MAX(1,COUNTIFS(Assignments!$B$6:$B$1000,$A10,Assignments!$E$6:$E$1000,"Completed")+COUNTIFS(Assignments!$B$6:$B$1000,$A10,Assignments!$E$6:$E$1000,"Cancelled")),"")) -> 0 | M10: =IF($A10="","",IFERROR(AVERAGEIFS(Assignments!$P$6:$P$1000,Assignments!$B$6:$B$1000,$A10,Assignments!$E$6:$E$1000,"Completed"),"")) | N10: - | P10: =IF(A10="","",MAX(0,MIN(3,SUMIFS(Strike_Log!$C:$C,Strike_Log!$B:$B,A10,Strike_Log!$A:$A,">="&IF(Config!$B$1004="Y",TODAY()-Config!$B$1005,DATE(1900,1,1)),Strike_Log!$I:$I,1)))) -> 0 | Q10: =IF(P10="",0,CHOOSE(MIN(3,MAX(0,P10))+1,0,0.03,0.07,0.2)) -> 0 | R10: =IF(A10="","",IFERROR(AVERAGEIFS(Assignments!$J:$J,Assignments!$B:$B,A10,Assignments!$E:$E,"Completed"),"")) | S10: =IF(A10="","",COUNTIFS(Assignments!$B:$B,A10,Assignments!$AE:$AE, "Y",Assignments!$D:$D,">="&TODAY()-30)) -> 0 | T10: =IF(A10="","",COUNTIFS(Assignments!$AF:$AF,A10,Assignments!$AE:$AE, "Y",Assignments!$D:$D,">="&TODAY()-30)) -> 0 | U10: =IF(A10="","",IFERROR(S10/MAX(1,COUNTIFS(Assignments!$B:$B,A10,Assignments!$D:$D,">="&TODAY()-30)),"")) -> 0 | V10: =IF(A10="","",T10-S10) -> 0
A11: GRD-08 | B11: bigt20011_ | C11: Regular | D11: =IF($C11="Regular","3","5") -> 3 | E11: =IF($A11="","",COUNTIFS(Assignments!$B$6:$B$305,$A11,Assignments!$E$6:$E$305,"Active")) -> 0 | F11: =IF($A11="","",COUNTIFS(Assignments!$B$6:$B$305,$A11,Assignments!$D$6:$D$305,">="&Config!$B$3-7,Assignments!$D$6:$D$305,"<="&Config!$B$3)) -> 0 | G11: =IF($A11="","",MAXIFS(Assignments!$D$6:$D$305,Assignments!$B$6:$B$305,$A11)) -> 0 | H11: =IF($A11="","",IF($G11="","",Config!$B$3-$G11)) -> 46071 | I11: =IF($A11="","",IF($D11=0,"",$E11/$D11)) -> 0 | J11: =IF($A11="","",IFERROR(AVERAGEIFS(Assignments!$N$6:$N$1000,Assignments!$B$6:$B$1000,$A11,Assignments!$E$6:$E$1000,"Completed"),"")) | K11: =IF($A11="","",IFERROR(AVERAGEIFS(Assignments!$AO:$AO,Assignments!$B:$B,$A11,Assignments!$E:$E,"Completed"),"")) | L11: =IF($A11="","",IFERROR(COUNTIFS(Assignments!$B$6:$B$1000,$A11,Assignments!$E$6:$E$1000,"Cancelled")/MAX(1,COUNTIFS(Assignments!$B$6:$B$1000,$A11,Assignments!$E$6:$E$1000,"Completed")+COUNTIFS(Assignments!$B$6:$B$1000,$A11,Assignments!$E$6:$E$1000,"Cancelled")),"")) -> 0 | M11: =IF($A11="","",IFERROR(AVERAGEIFS(Assignments!$P$6:$P$1000,Assignments!$B$6:$B$1000,$A11,Assignments!$E$6:$E$1000,"Completed"),"")) | N11: - | P11: =IF(A11="","",MAX(0,MIN(3,SUMIFS(Strike_Log!$C:$C,Strike_Log!$B:$B,A11,Strike_Log!$A:$A,">="&IF(Config!$B$1004="Y",TODAY()-Config!$B$1005,DATE(1900,1,1)),Strike_Log!$I:$I,1)))) -> 0 | Q11: =IF(P11="",0,CHOOSE(MIN(3,MAX(0,P11))+1,0,0.03,0.07,0.2)) -> 0 | R11: =IF(A11="","",IFERROR(AVERAGEIFS(Assignments!$J:$J,Assignments!$B:$B,A11,Assignments!$E:$E,"Completed"),"")) | S11: =IF(A11="","",COUNTIFS(Assignments!$B:$B,A11,Assignments!$AE:$AE, "Y",Assignments!$D:$D,">="&TODAY()-30)) -> 0 | T11: =IF(A11="","",COUNTIFS(Assignments!$AF:$AF,A11,Assignments!$AE:$AE, "Y",Assignments!$D:$D,">="&TODAY()-30)) -> 0 | U11: =IF(A11="","",IFERROR(S11/MAX(1,COUNTIFS(Assignments!$B:$B,A11,Assignments!$D:$D,">="&TODAY()-30)),"")) -> 0 | V11: =IF(A11="","",T11-S11) -> 0
A12: GRD-09 | B12: boards4238 | C12: Regular | D12: =IF($C12="Regular","3","5") -> 3 | E12: =IF($A12="","",COUNTIFS(Assignments!$B$6:$B$305,$A12,Assignments!$E$6:$E$305,"Active")) -> 0 | F12: =IF($A12="","",COUNTIFS(Assignments!$B$6:$B$305,$A12,Assignments!$D$6:$D$305,">="&Config!$B$3-7,Assignments!$D$6:$D$305,"<="&Config!$B$3)) -> 0 | G12: =IF($A12="","",MAXIFS(Assignments!$D$6:$D$305,Assignments!$B$6:$B$305,$A12)) -> 0 | H12: =IF($A12="","",IF($G12="","",Config!$B$3-$G12)) -> 46071 | I12: =IF($A12="","",IF($D12=0,"",$E12/$D12)) -> 0 | J12: =IF($A12="","",IFERROR(AVERAGEIFS(Assignments!$N$6:$N$1000,Assignments!$B$6:$B$1000,$A12,Assignments!$E$6:$E$1000,"Completed"),"")) | K12: =IF($A12="","",IFERROR(AVERAGEIFS(Assignments!$AO:$AO,Assignments!$B:$B,$A12,Assignments!$E:$E,"Completed"),"")) | L12: =IF($A12="","",IFERROR(COUNTIFS(Assignments!$B$6:$B$1000,$A12,Assignments!$E$6:$E$1000,"Cancelled")/MAX(1,COUNTIFS(Assignments!$B$6:$B$1000,$A12,Assignments!$E$6:$E$1000,"Completed")+COUNTIFS(Assignments!$B$6:$B$1000,$A12,Assignments!$E$6:$E$1000,"Cancelled")),"")) -> 0 | M12: =IF($A12="","",IFERROR(AVERAGEIFS(Assignments!$P$6:$P$1000,Assignments!$B$6:$B$1000,$A12,Assignments!$E$6:$E$1000,"Completed"),"")) | N12: - | P12: =IF(A12="","",MAX(0,MIN(3,SUMIFS(Strike_Log!$C:$C,Strike_Log!$B:$B,A12,Strike_Log!$A:$A,">="&IF(Config!$B$1004="Y",TODAY()-Config!$B$1005,DATE(1900,1,1)),Strike_Log!$I:$I,1)))) -> 0 | Q12: =IF(P12="",0,CHOOSE(MIN(3,MAX(0,P12))+1,0,0.03,0.07,0.2)) -> 0 | R12: =IF(A12="","",IFERROR(AVERAGEIFS(Assignments!$J:$J,Assignments!$B:$B,A12,Assignments!$E:$E,"Completed"),"")) | S12: =IF(A12="","",COUNTIFS(Assignments!$B:$B,A12,Assignments!$AE:$AE, "Y",Assignments!$D:$D,">="&TODAY()-30)) -> 0 | T12: =IF(A12="","",COUNTIFS(Assignments!$AF:$AF,A12,Assignments!$AE:$AE, "Y",Assignments!$D:$D,">="&TODAY()-30)) -> 0 | U12: =IF(A12="","",IFERROR(S12/MAX(1,COUNTIFS(Assignments!$B:$B,A12,Assignments!$D:$D,">="&TODAY()-30)),"")) -> 0 | V12: =IF(A12="","",T12-S12) -> 0
A13: GRD-10 | B13: bumped240hz | C13: Regular | D13: =IF($C13="Regular","3","5") -> 3 | E13: =IF($A13="","",COUNTIFS(Assignments!$B$6:$B$305,$A13,Assignments!$E$6:$E$305,"Active")) -> 0 | F13: =IF($A13="","",COUNTIFS(Assignments!$B$6:$B$305,$A13,Assignments!$D$6:$D$305,">="&Config!$B$3-7,Assignments!$D$6:$D$305,"<="&Config!$B$3)) -> 0 | G13: =IF($A13="","",MAXIFS(Assignments!$D$6:$D$305,Assignments!$B$6:$B$305,$A13)) -> 0 | H13: =IF($A13="","",IF($G13="","",Config!$B$3-$G13)) -> 46071 | I13: =IF($A13="","",IF($D13=0,"",$E13/$D13)) -> 0 | J13: =IF($A13="","",IFERROR(AVERAGEIFS(Assignments!$N$6:$N$1000,Assignments!$B$6:$B$1000,$A13,Assignments!$E$6:$E$1000,"Completed"),"")) | K13: =IF($A13="","",IFERROR(AVERAGEIFS(Assignments!$AO:$AO,Assignments!$B:$B,$A13,Assignments!$E:$E,"Completed"),"")) | L13: =IF($A13="","",IFERROR(COUNTIFS(Assignments!$B$6:$B$1000,$A13,Assignments!$E$6:$E$1000,"Cancelled")/MAX(1,COUNTIFS(Assignments!$B$6:$B$1000,$A13,Assignments!$E$6:$E$1000,"Completed")+COUNTIFS(Assignments!$B$6:$B$1000,$A13,Assignments!$E$6:$E$1000,"Cancelled")),"")) -> 0 | M13: =IF($A13="","",IFERROR(AVERAGEIFS(Assignments!$P$6:$P$1000,Assignments!$B$6:$B$1000,$A13,Assignments!$E$6:$E$1000,"Completed"),"")) | N13: - | P13: =IF(A13="","",MAX(0,MIN(3,SUMIFS(Strike_Log!$C:$C,Strike_Log!$B:$B,A13,Strike_Log!$A:$A,">="&IF(Config!$B$1004="Y",TODAY()-Config!$B$1005,DATE(1900,1,1)),Strike_Log!$I:$I,1)))) -> 0 | Q13: =IF(P13="",0,CHOOSE(MIN(3,MAX(0,P13))+1,0,0.03,0.07,0.2)) -> 0 | R13: =IF(A13="","",IFERROR(AVERAGEIFS(Assignments!$J:$J,Assignments!$B:$B,A13,Assignments!$E:$E,"Completed"),"")) | S13: =IF(A13="","",COUNTIFS(Assignments!$B:$B,A13,Assignments!$AE:$AE, "Y",Assignments!$D:$D,">="&TODAY()-30)) -> 0 | T13: =IF(A13="","",COUNTIFS(Assignments!$AF:$AF,A13,Assignments!$AE:$AE, "Y",Assignments!$D:$D,">="&TODAY()-30)) -> 0 | U13: =IF(A13="","",IFERROR(S13/MAX(1,COUNTIFS(Assignments!$B:$B,A13,Assignments!$D:$D,">="&TODAY()-30)),"")) -> 0 | V13: =IF(A13="","",T13-S13) -> 0
A14: GRD-11 | B14: bumpincombos | C14: Regular | D14: =IF($C14="Regular","3","5") -> 3 | E14: =IF($A14="","",COUNTIFS(Assignments!$B$6:$B$305,$A14,Assignments!$E$6:$E$305,"Active")) -> 0 | F14: =IF($A14="","",COUNTIFS(Assignments!$B$6:$B$305,$A14,Assignments!$D$6:$D$305,">="&Config!$B$3-7,Assignments!$D$6:$D$305,"<="&Config!$B$3)) -> 0 | G14: =IF($A14="","",MAXIFS(Assignments!$D$6:$D$305,Assignments!$B$6:$B$305,$A14)) -> 0 | H14: =IF($A14="","",IF($G14="","",Config!$B$3-$G14)) -> 46071 | I14: =IF($A14="","",IF($D14=0,"",$E14/$D14)) -> 0 | J14: =IF($A14="","",IFERROR(AVERAGEIFS(Assignments!$N$6:$N$1000,Assignments!$B$6:$B$1000,$A14,Assignments!$E$6:$E$1000,"Completed"),"")) | K14: =IF($A14="","",IFERROR(AVERAGEIFS(Assignments!$AO:$AO,Assignments!$B:$B,$A14,Assignments!$E:$E,"Completed"),"")) | L14: =IF($A14="","",IFERROR(COUNTIFS(Assignments!$B$6:$B$1000,$A14,Assignments!$E$6:$E$1000,"Cancelled")/MAX(1,COUNTIFS(Assignments!$B$6:$B$1000,$A14,Assignments!$E$6:$E$1000,"Completed")+COUNTIFS(Assignments!$B$6:$B$1000,$A14,Assignments!$E$6:$E$1000,"Cancelled")),"")) -> 0 | M14: =IF($A14="","",IFERROR(AVERAGEIFS(Assignments!$P$6:$P$1000,Assignments!$B$6:$B$1000,$A14,Assignments!$E$6:$E$1000,"Completed"),"")) | N14: - | P14: =IF(A14="","",MAX(0,MIN(3,SUMIFS(Strike_Log!$C:$C,Strike_Log!$B:$B,A14,Strike_Log!$A:$A,">="&IF(Config!$B$1004="Y",TODAY()-Config!$B$1005,DATE(1900,1,1)),Strike_Log!$I:$I,1)))) -> 0 | Q14: =IF(P14="",0,CHOOSE(MIN(3,MAX(0,P14))+1,0,0.03,0.07,0.2)) -> 0 | R14: =IF(A14="","",IFERROR(AVERAGEIFS(Assignments!$J:$J,Assignments!$B:$B,A14,Assignments!$E:$E,"Completed"),"")) | S14: =IF(A14="","",COUNTIFS(Assignments!$B:$B,A14,Assignments!$AE:$AE, "Y",Assignments!$D:$D,">="&TODAY()-30)) -> 0 | T14: =IF(A14="","",COUNTIFS(Assignments!$AF:$AF,A14,Assignments!$AE:$AE, "Y",Assignments!$D:$D,">="&TODAY()-30)) -> 0 | U14: =IF(A14="","",IFERROR(S14/MAX(1,COUNTIFS(Assignments!$B:$B,A14,Assignments!$D:$D,">="&TODAY()-30)),"")) -> 0 | V14: =IF(A14="","",T14-S14) -> 0
A15: GRD-12 | B15: cerhzn | C15: Regular | D15: =IF($C15="Regular","3","5") -> 3 | E15: =IF($A15="","",COUNTIFS(Assignments!$B$6:$B$305,$A15,Assignments!$E$6:$E$305,"Active")) -> 0 | F15: =IF($A15="","",COUNTIFS(Assignments!$B$6:$B$305,$A15,Assignments!$D$6:$D$305,">="&Config!$B$3-7,Assignments!$D$6:$D$305,"<="&Config!$B$3)) -> 0 | G15: =IF($A15="","",MAXIFS(Assignments!$D$6:$D$305,Assignments!$B$6:$B$305,$A15)) -> 0 | H15: =IF($A15="","",IF($G15="","",Config!$B$3-$G15)) -> 46071 | I15: =IF($A15="","",IF($D15=0,"",$E15/$D15)) -> 0 | J15: =IF($A15="","",IFERROR(AVERAGEIFS(Assignments!$N$6:$N$1000,Assignments!$B$6:$B$1000,$A15,Assignments!$E$6:$E$1000,"Completed"),"")) | K15: =IF($A15="","",IFERROR(AVERAGEIFS(Assignments!$AO:$AO,Assignments!$B:$B,$A15,Assignments!$E:$E,"Completed"),"")) | L15: =IF($A15="","",IFERROR(COUNTIFS(Assignments!$B$6:$B$1000,$A15,Assignments!$E$6:$E$1000,"Cancelled")/MAX(1,COUNTIFS(Assignments!$B$6:$B$1000,$A15,Assignments!$E$6:$E$1000,"Completed")+COUNTIFS(Assignments!$B$6:$B$1000,$A15,Assignments!$E$6:$E$1000,"Cancelled")),"")) -> 0 | M15: =IF($A15="","",IFERROR(AVERAGEIFS(Assignments!$P$6:$P$1000,Assignments!$B$6:$B$1000,$A15,Assignments!$E$6:$E$1000,"Completed"),"")) | N15: - | P15: =IF(A15="","",MAX(0,MIN(3,SUMIFS(Strike_Log!$C:$C,Strike_Log!$B:$B,A15,Strike_Log!$A:$A,">="&IF(Config!$B$1004="Y",TODAY()-Config!$B$1005,DATE(1900,1,1)),Strike_Log!$I:$I,1)))) -> 0 | Q15: =IF(P15="",0,CHOOSE(MIN(3,MAX(0,P15))+1,0,0.03,0.07,0.2)) -> 0 | R15: =IF(A15="","",IFERROR(AVERAGEIFS(Assignments!$J:$J,Assignments!$B:$B,A15,Assignments!$E:$E,"Completed"),"")) | S15: =IF(A15="","",COUNTIFS(Assignments!$B:$B,A15,Assignments!$AE:$AE, "Y",Assignments!$D:$D,">="&TODAY()-30)) -> 0 | T15: =IF(A15="","",COUNTIFS(Assignments!$AF:$AF,A15,Assignments!$AE:$AE, "Y",Assignments!$D:$D,">="&TODAY()-30)) -> 0 | U15: =IF(A15="","",IFERROR(S15/MAX(1,COUNTIFS(Assignments!$B:$B,A15,Assignments!$D:$D,">="&TODAY()-30)),"")) -> 0 | V15: =IF(A15="","",T15-S15) -> 0
A16: GRD-13 | B16: comptomuch | C16: Elite | D16: =IF($C16="Regular","3","5") -> 5 | E16: =IF($A16="","",COUNTIFS(Assignments!$B$6:$B$305,$A16,Assignments!$E$6:$E$305,"Active")) -> 0 | F16: =IF($A16="","",COUNTIFS(Assignments!$B$6:$B$305,$A16,Assignments!$D$6:$D$305,">="&Config!$B$3-7,Assignments!$D$6:$D$305,"<="&Config!$B$3)) -> 0 | G16: =IF($A16="","",MAXIFS(Assignments!$D$6:$D$305,Assignments!$B$6:$B$305,$A16)) -> 0 | H16: =IF($A16="","",IF($G16="","",Config!$B$3-$G16)) -> 46071 | I16: =IF($A16="","",IF($D16=0,"",$E16/$D16)) -> 0 | J16: =IF($A16="","",IFERROR(AVERAGEIFS(Assignments!$N$6:$N$1000,Assignments!$B$6:$B$1000,$A16,Assignments!$E$6:$E$1000,"Completed"),"")) | K16: =IF($A16="","",IFERROR(AVERAGEIFS(Assignments!$AO:$AO,Assignments!$B:$B,$A16,Assignments!$E:$E,"Completed"),"")) | L16: =IF($A16="","",IFERROR(COUNTIFS(Assignments!$B$6:$B$1000,$A16,Assignments!$E$6:$E$1000,"Cancelled")/MAX(1,COUNTIFS(Assignments!$B$6:$B$1000,$A16,Assignments!$E$6:$E$1000,"Completed")+COUNTIFS(Assignments!$B$6:$B$1000,$A16,Assignments!$E$6:$E$1000,"Cancelled")),"")) -> 0 | M16: =IF($A16="","",IFERROR(AVERAGEIFS(Assignments!$P$6:$P$1000,Assignments!$B$6:$B$1000,$A16,Assignments!$E$6:$E$1000,"Completed"),"")) | N16: - | P16: =IF(A16="","",MAX(0,MIN(3,SUMIFS(Strike_Log!$C:$C,Strike_Log!$B:$B,A16,Strike_Log!$A:$A,">="&IF(Config!$B$1004="Y",TODAY()-Config!$B$1005,DATE(1900,1,1)),Strike_Log!$I:$I,1)))) -> 0 | Q16: =IF(P16="",0,CHOOSE(MIN(3,MAX(0,P16))+1,0,0.03,0.07,0.2)) -> 0 | R16: =IF(A16="","",IFERROR(AVERAGEIFS(Assignments!$J:$J,Assignments!$B:$B,A16,Assignments!$E:$E,"Completed"),"")) | S16: =IF(A16="","",COUNTIFS(Assignments!$B:$B,A16,Assignments!$AE:$AE, "Y",Assignments!$D:$D,">="&TODAY()-30)) -> 0 | T16: =IF(A16="","",COUNTIFS(Assignments!$AF:$AF,A16,Assignments!$AE:$AE, "Y",Assignments!$D:$D,">="&TODAY()-30)) -> 0 | U16: =IF(A16="","",IFERROR(S16/MAX(1,COUNTIFS(Assignments!$B:$B,A16,Assignments!$D:$D,">="&TODAY()-30)),"")) -> 0 | V16: =IF(A16="","",T16-S16) -> 0
... A37: GRD-34 | B37: jitxx | C37: Regular | D37: =IF($C37="Regular","3","5") -> 3 | E37: =IF($A37="","",COUNTIFS(Assignments!$B$6:$B$305,$A37,Assignments!$E$6:$E$305,"Active")) -> 0 | F37: =IF($A37="","",COUNTIFS(Assignments!$B$6:$B$305,$A37,Assignments!$D$6:$D$305,">="&Config!$B$3-7,Assignments!$D$6:$D$305,"<="&Config!$B$3)) -> 0 | G37: =IF($A37="","",MAXIFS(Assignments!$D$6:$D$305,Assignments!$B$6:$B$305,$A37)) -> 0 | H37: =IF($A37="","",IF($G37="","",Config!$B$3-$G37)) -> 46071 | I37: =IF($A37="","",IF($D37=0,"",$E37/$D37)) -> 0 | J37: =IF($A37="","",IFERROR(AVERAGEIFS(Assignments!$N$6:$N$1000,Assignments!$B$6:$B$1000,$A37,Assignments!$E$6:$E$1000,"Completed"),"")) | K37: =IF($A37="","",IFERROR(AVERAGEIFS(Assignments!$AO:$AO,Assignments!$B:$B,$A37,Assignments!$E:$E,"Completed"),"")) | L37: =IF($A37="","",IFERROR(COUNTIFS(Assignments!$B$6:$B$1000,$A37,Assignments!$E$6:$E$1000,"Cancelled")/MAX(1,COUNTIFS(Assignments!$B$6:$B$1000,$A37,Assignments!$E$6:$E$1000,"Completed")+COUNTIFS(Assignments!$B$6:$B$1000,$A37,Assignments!$E$6:$E$1000,"Cancelled")),"")) -> 0 | M37: =IF($A37="","",IFERROR(AVERAGEIFS(Assignments!$P$6:$P$1000,Assignments!$B$6:$B$1000,$A37,Assignments!$E$6:$E$1000,"Completed"),"")) | N37: - | P37: =IF(A37="","",MAX(0,MIN(3,SUMIFS(Strike_Log!$C:$C,Strike_Log!$B:$B,A37,Strike_Log!$A:$A,">="&IF(Config!$B$1004="Y",TODAY()-Config!$B$1005,DATE(1900,1,1)),Strike_Log!$I:$I,1)))) -> 0 | Q37: =IF(P37="",0,CHOOSE(MIN(3,MAX(0,P37))+1,0,0.03,0.07,0.2)) -> 0 | R37: =IF(A37="","",IFERROR(AVERAGEIFS(Assignments!$J:$J,Assignments!$B:$B,A37,Assignments!$E:$E,"Completed"),"")) | S37: =IF(A37="","",COUNTIFS(Assignments!$B:$B,A37,Assignments!$AE:$AE, "Y",Assignments!$D:$D,">="&TODAY()-30)) -> 0 | T37: =IF(A37="","",COUNTIFS(Assignments!$AF:$AF,A37,Assignments!$AE:$AE, "Y",Assignments!$D:$D,">="&TODAY()-30)) -> 0 | U37: =IF(A37="","",IFERROR(S37/MAX(1,COUNTIFS(Assignments!$B:$B,A37,Assignments!$D:$D,">="&TODAY()-30)),"")) -> 0 | V37: =IF(A37="","",T37-S37) -> 0
A38: GRD-35 | B38: 768288 | C38: Regular | D38: =IF($C38="Regular","3","5") -> 3 | E38: =IF($A38="","",COUNTIFS(Assignments!$B$6:$B$305,$A38,Assignments!$E$6:$E$305,"Active")) -> 0 | F38: =IF($A38="","",COUNTIFS(Assignments!$B$6:$B$305,$A38,Assignments!$D$6:$D$305,">="&Config!$B$3-7,Assignments!$D$6:$D$305,"<="&Config!$B$3)) -> 0 | G38: =IF($A38="","",MAXIFS(Assignments!$D$6:$D$305,Assignments!$B$6:$B$305,$A38)) -> 0 | H38: =IF($A38="","",IF($G38="","",Config!$B$3-$G38)) -> 46071 | I38: =IF($A38="","",IF($D38=0,"",$E38/$D38)) -> 0 | J38: =IF($A38="","",IFERROR(AVERAGEIFS(Assignments!$N$6:$N$1000,Assignments!$B$6:$B$1000,$A38,Assignments!$E$6:$E$1000,"Completed"),"")) | K38: =IF($A38="","",IFERROR(AVERAGEIFS(Assignments!$AO:$AO,Assignments!$B:$B,$A38,Assignments!$E:$E,"Completed"),"")) | L38: =IF($A38="","",IFERROR(COUNTIFS(Assignments!$B$6:$B$1000,$A38,Assignments!$E$6:$E$1000,"Cancelled")/MAX(1,COUNTIFS(Assignments!$B$6:$B$1000,$A38,Assignments!$E$6:$E$1000,"Completed")+COUNTIFS(Assignments!$B$6:$B$1000,$A38,Assignments!$E$6:$E$1000,"Cancelled")),"")) -> 0 | M38: =IF($A38="","",IFERROR(AVERAGEIFS(Assignments!$P$6:$P$1000,Assignments!$B$6:$B$1000,$A38,Assignments!$E$6:$E$1000,"Completed"),"")) | N38: - | P38: =IF(A38="","",MAX(0,MIN(3,SUMIFS(Strike_Log!$C:$C,Strike_Log!$B:$B,A38,Strike_Log!$A:$A,">="&IF(Config!$B$1004="Y",TODAY()-Config!$B$1005,DATE(1900,1,1)),Strike_Log!$I:$I,1)))) -> 0 | Q38: =IF(P38="",0,CHOOSE(MIN(3,MAX(0,P38))+1,0,0.03,0.07,0.2)) -> 0 | R38: =IF(A38="","",IFERROR(AVERAGEIFS(Assignments!$J:$J,Assignments!$B:$B,A38,Assignments!$E:$E,"Completed"),"")) | S38: =IF(A38="","",COUNTIFS(Assignments!$B:$B,A38,Assignments!$AE:$AE, "Y",Assignments!$D:$D,">="&TODAY()-30)) -> 0 | T38: =IF(A38="","",COUNTIFS(Assignments!$AF:$AF,A38,Assignments!$AE:$AE, "Y",Assignments!$D:$D,">="&TODAY()-30)) -> 0 | U38: =IF(A38="","",IFERROR(S38/MAX(1,COUNTIFS(Assignments!$B:$B,A38,Assignments!$D:$D,">="&TODAY()-30)),"")) -> 0 | V38: =IF(A38="","",T38-S38) -> 0
A39: GRD-36 | B39: xoticashes | C39: Regular | D39: =IF($C39="Regular","3","5") -> 3 | E39: =IF($A39="","",COUNTIFS(Assignments!$B$6:$B$305,$A39,Assignments!$E$6:$E$305,"Active")) -> 0 | F39: =IF($A39="","",COUNTIFS(Assignments!$B$6:$B$305,$A39,Assignments!$D$6:$D$305,">="&Config!$B$3-7,Assignments!$D$6:$D$305,"<="&Config!$B$3)) -> 0 | G39: =IF($A39="","",MAXIFS(Assignments!$D$6:$D$305,Assignments!$B$6:$B$305,$A39)) -> 0 | H39: =IF($A39="","",IF($G39="","",Config!$B$3-$G39)) -> 46071 | I39: =IF($A39="","",IF($D39=0,"",$E39/$D39)) -> 0 | J39: =IF($A39="","",IFERROR(AVERAGEIFS(Assignments!$N$6:$N$1000,Assignments!$B$6:$B$1000,$A39,Assignments!$E$6:$E$1000,"Completed"),"")) | K39: =IF($A39="","",IFERROR(AVERAGEIFS(Assignments!$AO:$AO,Assignments!$B:$B,$A39,Assignments!$E:$E,"Completed"),"")) | L39: =IF($A39="","",IFERROR(COUNTIFS(Assignments!$B$6:$B$1000,$A39,Assignments!$E$6:$E$1000,"Cancelled")/MAX(1,COUNTIFS(Assignments!$B$6:$B$1000,$A39,Assignments!$E$6:$E$1000,"Completed")+COUNTIFS(Assignments!$B$6:$B$1000,$A39,Assignments!$E$6:$E$1000,"Cancelled")),"")) -> 0 | M39: =IF($A39="","",IFERROR(AVERAGEIFS(Assignments!$P$6:$P$1000,Assignments!$B$6:$B$1000,$A39,Assignments!$E$6:$E$1000,"Completed"),"")) | N39: - | P39: =IF(A39="","",MAX(0,MIN(3,SUMIFS(Strike_Log!$C:$C,Strike_Log!$B:$B,A39,Strike_Log!$A:$A,">="&IF(Config!$B$1004="Y",TODAY()-Config!$B$1005,DATE(1900,1,1)),Strike_Log!$I:$I,1)))) -> 0 | Q39: =IF(P39="",0,CHOOSE(MIN(3,MAX(0,P39))+1,0,0.03,0.07,0.2)) -> 0 | R39: =IF(A39="","",IFERROR(AVERAGEIFS(Assignments!$J:$J,Assignments!$B:$B,A39,Assignments!$E:$E,"Completed"),"")) | S39: =IF(A39="","",COUNTIFS(Assignments!$B:$B,A39,Assignments!$AE:$AE, "Y",Assignments!$D:$D,">="&TODAY()-30)) -> 0 | T39: =IF(A39="","",COUNTIFS(Assignments!$AF:$AF,A39,Assignments!$AE:$AE, "Y",Assignments!$D:$D,">="&TODAY()-30)) -> 0 | U39: =IF(A39="","",IFERROR(S39/MAX(1,COUNTIFS(Assignments!$B:$B,A39,Assignments!$D:$D,">="&TODAY()-30)),"")) -> 0 | V39: =IF(A39="","",T39-S39) -> 0
A40: GRD-37 | B40: kolioh | C40: Regular | D40: =IF($C40="Regular","3","5") -> 3 | E40: =IF($A40="","",COUNTIFS(Assignments!$B$6:$B$305,$A40,Assignments!$E$6:$E$305,"Active")) -> 0 | F40: =IF($A40="","",COUNTIFS(Assignments!$B$6:$B$305,$A40,Assignments!$D$6:$D$305,">="&Config!$B$3-7,Assignments!$D$6:$D$305,"<="&Config!$B$3)) -> 0 | G40: =IF($A40="","",MAXIFS(Assignments!$D$6:$D$305,Assignments!$B$6:$B$305,$A40)) -> 0 | H40: =IF($A40="","",IF($G40="","",Config!$B$3-$G40)) -> 46071 | I40: =IF($A40="","",IF($D40=0,"",$E40/$D40)) -> 0 | J40: =IF($A40="","",IFERROR(AVERAGEIFS(Assignments!$N$6:$N$1000,Assignments!$B$6:$B$1000,$A40,Assignments!$E$6:$E$1000,"Completed"),"")) | K40: =IF($A40="","",IFERROR(AVERAGEIFS(Assignments!$AO:$AO,Assignments!$B:$B,$A40,Assignments!$E:$E,"Completed"),"")) | L40: =IF($A40="","",IFERROR(COUNTIFS(Assignments!$B$6:$B$1000,$A40,Assignments!$E$6:$E$1000,"Cancelled")/MAX(1,COUNTIFS(Assignments!$B$6:$B$1000,$A40,Assignments!$E$6:$E$1000,"Completed")+COUNTIFS(Assignments!$B$6:$B$1000,$A40,Assignments!$E$6:$E$1000,"Cancelled")),"")) -> 0 | M40: =IF($A40="","",IFERROR(AVERAGEIFS(Assignments!$P$6:$P$1000,Assignments!$B$6:$B$1000,$A40,Assignments!$E$6:$E$1000,"Completed"),"")) | N40: - | P40: =IF(A40="","",MAX(0,MIN(3,SUMIFS(Strike_Log!$C:$C,Strike_Log!$B:$B,A40,Strike_Log!$A:$A,">="&IF(Config!$B$1004="Y",TODAY()-Config!$B$1005,DATE(1900,1,1)),Strike_Log!$I:$I,1)))) -> 0 | Q40: =IF(P40="",0,CHOOSE(MIN(3,MAX(0,P40))+1,0,0.03,0.07,0.2)) -> 0 | R40: =IF(A40="","",IFERROR(AVERAGEIFS(Assignments!$J:$J,Assignments!$B:$B,A40,Assignments!$E:$E,"Completed"),"")) | S40: =IF(A40="","",COUNTIFS(Assignments!$B:$B,A40,Assignments!$AE:$AE, "Y",Assignments!$D:$D,">="&TODAY()-30)) -> 0 | T40: =IF(A40="","",COUNTIFS(Assignments!$AF:$AF,A40,Assignments!$AE:$AE, "Y",Assignments!$D:$D,">="&TODAY()-30)) -> 0 | U40: =IF(A40="","",IFERROR(S40/MAX(1,COUNTIFS(Assignments!$B:$B,A40,Assignments!$D:$D,">="&TODAY()-30)),"")) -> 0 | V40: =IF(A40="","",T40-S40) -> 0
A41: GRD-38 | B41: korean_zombiie | C41: Regular | D41: =IF($C41="Regular","3","5") -> 3 | E41: =IF($A41="","",COUNTIFS(Assignments!$B$6:$B$305,$A41,Assignments!$E$6:$E$305,"Active")) -> 0 | F41: =IF($A41="","",COUNTIFS(Assignments!$B$6:$B$305,$A41,Assignments!$D$6:$D$305,">="&Config!$B$3-7,Assignments!$D$6:$D$305,"<="&Config!$B$3)) -> 0 | G41: =IF($A41="","",MAXIFS(Assignments!$D$6:$D$305,Assignments!$B$6:$B$305,$A41)) -> 0 | H41: =IF($A41="","",IF($G41="","",Config!$B$3-$G41)) -> 46071 | I41: =IF($A41="","",IF($D41=0,"",$E41/$D41)) -> 0 | J41: =IF($A41="","",IFERROR(AVERAGEIFS(Assignments!$N$6:$N$1000,Assignments!$B$6:$B$1000,$A41,Assignments!$E$6:$E$1000,"Completed"),"")) | K41: =IF($A41="","",IFERROR(AVERAGEIFS(Assignments!$AO:$AO,Assignments!$B:$B,$A41,Assignments!$E:$E,"Completed"),"")) | L41: =IF($A41="","",IFERROR(COUNTIFS(Assignments!$B$6:$B$1000,$A41,Assignments!$E$6:$E$1000,"Cancelled")/MAX(1,COUNTIFS(Assignments!$B$6:$B$1000,$A41,Assignments!$E$6:$E$1000,"Completed")+COUNTIFS(Assignments!$B$6:$B$1000,$A41,Assignments!$E$6:$E$1000,"Cancelled")),"")) -> 0 | M41: =IF($A41="","",IFERROR(AVERAGEIFS(Assignments!$P$6:$P$1000,Assignments!$B$6:$B$1000,$A41,Assignments!$E$6:$E$1000,"Completed"),"")) | N41: - | P41: =IF(A41="","",MAX(0,MIN(3,SUMIFS(Strike_Log!$C:$C,Strike_Log!$B:$B,A41,Strike_Log!$A:$A,">="&IF(Config!$B$1004="Y",TODAY()-Config!$B$1005,DATE(1900,1,1)),Strike_Log!$I:$I,1)))) -> 0 | Q41: =IF(P41="",0,CHOOSE(MIN(3,MAX(0,P41))+1,0,0.03,0.07,0.2)) -> 0 | R41: =IF(A41="","",IFERROR(AVERAGEIFS(Assignments!$J:$J,Assignments!$B:$B,A41,Assignments!$E:$E,"Completed"),"")) | S41: =IF(A41="","",COUNTIFS(Assignments!$B:$B,A41,Assignments!$AE:$AE, "Y",Assignments!$D:$D,">="&TODAY()-30)) -> 0 | T41: =IF(A41="","",COUNTIFS(Assignments!$AF:$AF,A41,Assignments!$AE:$AE, "Y",Assignments!$D:$D,">="&TODAY()-30)) -> 0 | U41: =IF(A41="","",IFERROR(S41/MAX(1,COUNTIFS(Assignments!$B:$B,A41,Assignments!$D:$D,">="&TODAY()-30)),"")) -> 0 | V41: =IF(A41="","",T41-S41) -> 0
A42: GRD-39 | B42: savage_telly | C42: Regular | D42: =IF($C42="Regular","3","5") -> 3 | E42: =IF($A42="","",COUNTIFS(Assignments!$B$6:$B$305,$A42,Assignments!$E$6:$E$305,"Active")) -> 0 | F42: =IF($A42="","",COUNTIFS(Assignments!$B$6:$B$305,$A42,Assignments!$D$6:$D$305,">="&Config!$B$3-7,Assignments!$D$6:$D$305,"<="&Config!$B$3)) -> 0 | G42: =IF($A42="","",MAXIFS(Assignments!$D$6:$D$305,Assignments!$B$6:$B$305,$A42)) -> 0 | H42: =IF($A42="","",IF($G42="","",Config!$B$3-$G42)) -> 46071 | I42: =IF($A42="","",IF($D42=0,"",$E42/$D42)) -> 0 | J42: =IF($A42="","",IFERROR(AVERAGEIFS(Assignments!$N$6:$N$1000,Assignments!$B$6:$B$1000,$A42,Assignments!$E$6:$E$1000,"Completed"),"")) | K42: =IF($A42="","",IFERROR(AVERAGEIFS(Assignments!$AO:$AO,Assignments!$B:$B,$A42,Assignments!$E:$E,"Completed"),"")) | L42: =IF($A42="","",IFERROR(COUNTIFS(Assignments!$B$6:$B$1000,$A42,Assignments!$E$6:$E$1000,"Cancelled")/MAX(1,COUNTIFS(Assignments!$B$6:$B$1000,$A42,Assignments!$E$6:$E$1000,"Completed")+COUNTIFS(Assignments!$B$6:$B$1000,$A42,Assignments!$E$6:$E$1000,"Cancelled")),"")) -> 0 | M42: =IF($A42="","",IFERROR(AVERAGEIFS(Assignments!$P$6:$P$1000,Assignments!$B$6:$B$1000,$A42,Assignments!$E$6:$E$1000,"Completed"),"")) | N42: - | P42: =IF(A42="","",MAX(0,MIN(3,SUMIFS(Strike_Log!$C:$C,Strike_Log!$B:$B,A42,Strike_Log!$A:$A,">="&IF(Config!$B$1004="Y",TODAY()-Config!$B$1005,DATE(1900,1,1)),Strike_Log!$I:$I,1)))) -> 0 | Q42: =IF(P42="",0,CHOOSE(MIN(3,MAX(0,P42))+1,0,0.03,0.07,0.2)) -> 0 | R42: =IF(A42="","",IFERROR(AVERAGEIFS(Assignments!$J:$J,Assignments!$B:$B,A42,Assignments!$E:$E,"Completed"),"")) | S42: =IF(A42="","",COUNTIFS(Assignments!$B:$B,A42,Assignments!$AE:$AE, "Y",Assignments!$D:$D,">="&TODAY()-30)) -> 0 | T42: =IF(A42="","",COUNTIFS(Assignments!$AF:$AF,A42,Assignments!$AE:$AE, "Y",Assignments!$D:$D,">="&TODAY()-30)) -> 0 | U42: =IF(A42="","",IFERROR(S42/MAX(1,COUNTIFS(Assignments!$B:$B,A42,Assignments!$D:$D,">="&TODAY()-30)),"")) -> 0 | V42: =IF(A42="","",T42-S42) -> 0
A43: GRD-40 | B43: notravelcalls | C43: Regular | D43: =IF($C43="Regular","3","5") -> 3 | E43: =IF($A43="","",COUNTIFS(Assignments!$B$6:$B$305,$A43,Assignments!$E$6:$E$305,"Active")) -> 0 | F43: =IF($A43="","",COUNTIFS(Assignments!$B$6:$B$305,$A43,Assignments!$D$6:$D$305,">="&Config!$B$3-7,Assignments!$D$6:$D$305,"<="&Config!$B$3)) -> 0 | G43: =IF($A43="","",MAXIFS(Assignments!$D$6:$D$305,Assignments!$B$6:$B$305,$A43)) -> 0 | H43: =IF($A43="","",IF($G43="","",Config!$B$3-$G43)) -> 46071 | I43: =IF($A43="","",IF($D43=0,"",$E43/$D43)) -> 0 | J43: =IF($A43="","",IFERROR(AVERAGEIFS(Assignments!$N$6:$N$1000,Assignments!$B$6:$B$1000,$A43,Assignments!$E$6:$E$1000,"Completed"),"")) | K43: =IF($A43="","",IFERROR(AVERAGEIFS(Assignments!$AO:$AO,Assignments!$B:$B,$A43,Assignments!$E:$E,"Completed"),"")) | L43: =IF($A43="","",IFERROR(COUNTIFS(Assignments!$B$6:$B$1000,$A43,Assignments!$E$6:$E$1000,"Cancelled")/MAX(1,COUNTIFS(Assignments!$B$6:$B$1000,$A43,Assignments!$E$6:$E$1000,"Completed")+COUNTIFS(Assignments!$B$6:$B$1000,$A43,Assignments!$E$6:$E$1000,"Cancelled")),"")) -> 0 | M43: =IF($A43="","",IFERROR(AVERAGEIFS(Assignments!$P$6:$P$1000,Assignments!$B$6:$B$1000,$A43,Assignments!$E$6:$E$1000,"Completed"),"")) | N43: - | P43: =IF(A43="","",MAX(0,MIN(3,SUMIFS(Strike_Log!$C:$C,Strike_Log!$B:$B,A43,Strike_Log!$A:$A,">="&IF(Config!$B$1004="Y",TODAY()-Config!$B$1005,DATE(1900,1,1)),Strike_Log!$I:$I,1)))) -> 0 | Q43: =IF(P43="",0,CHOOSE(MIN(3,MAX(0,P43))+1,0,0.03,0.07,0.2)) -> 0 | R43: =IF(A43="","",IFERROR(AVERAGEIFS(Assignments!$J:$J,Assignments!$B:$B,A43,Assignments!$E:$E,"Completed"),"")) | S43: =IF(A43="","",COUNTIFS(Assignments!$B:$B,A43,Assignments!$AE:$AE, "Y",Assignments!$D:$D,">="&TODAY()-30)) -> 0 | T43: =IF(A43="","",COUNTIFS(Assignments!$AF:$AF,A43,Assignments!$AE:$AE, "Y",Assignments!$D:$D,">="&TODAY()-30)) -> 0 | U43: =IF(A43="","",IFERROR(S43/MAX(1,COUNTIFS(Assignments!$B:$B,A43,Assignments!$D:$D,">="&TODAY()-30)),"")) -> 0 | V43: =IF(A43="","",T43-S43) -> 0
A44: GRD-41 | B44: rookietolegend | C44: Regular | D44: =IF($C44="Regular","3","5") -> 3 | E44: =IF($A44="","",COUNTIFS(Assignments!$B$6:$B$305,$A44,Assignments!$E$6:$E$305,"Active")) -> 0 | F44: =IF($A44="","",COUNTIFS(Assignments!$B$6:$B$305,$A44,Assignments!$D$6:$D$305,">="&Config!$B$3-7,Assignments!$D$6:$D$305,"<="&Config!$B$3)) -> 0 | G44: =IF($A44="","",MAXIFS(Assignments!$D$6:$D$305,Assignments!$B$6:$B$305,$A44)) -> 0 | H44: =IF($A44="","",IF($G44="","",Config!$B$3-$G44)) -> 46071 | I44: =IF($A44="","",IF($D44=0,"",$E44/$D44)) -> 0 | J44: =IF($A44="","",IFERROR(AVERAGEIFS(Assignments!$N$6:$N$1000,Assignments!$B$6:$B$1000,$A44,Assignments!$E$6:$E$1000,"Completed"),"")) | K44: =IF($A44="","",IFERROR(AVERAGEIFS(Assignments!$AO:$AO,Assignments!$B:$B,$A44,Assignments!$E:$E,"Completed"),"")) | L44: =IF($A44="","",IFERROR(COUNTIFS(Assignments!$B$6:$B$1000,$A44,Assignments!$E$6:$E$1000,"Cancelled")/MAX(1,COUNTIFS(Assignments!$B$6:$B$1000,$A44,Assignments!$E$6:$E$1000,"Completed")+COUNTIFS(Assignments!$B$6:$B$1000,$A44,Assignments!$E$6:$E$1000,"Cancelled")),"")) -> 0 | M44: =IF($A44="","",IFERROR(AVERAGEIFS(Assignments!$P$6:$P$1000,Assignments!$B$6:$B$1000,$A44,Assignments!$E$6:$E$1000,"Completed"),"")) | N44: - | P44: =IF(A44="","",MAX(0,MIN(3,SUMIFS(Strike_Log!$C:$C,Strike_Log!$B:$B,A44,Strike_Log!$A:$A,">="&IF(Config!$B$1004="Y",TODAY()-Config!$B$1005,DATE(1900,1,1)),Strike_Log!$I:$I,1)))) -> 0 | Q44: =IF(P44="",0,CHOOSE(MIN(3,MAX(0,P44))+1,0,0.03,0.07,0.2)) -> 0 | R44: =IF(A44="","",IFERROR(AVERAGEIFS(Assignments!$J:$J,Assignments!$B:$B,A44,Assignments!$E:$E,"Completed"),"")) | S44: =IF(A44="","",COUNTIFS(Assignments!$B:$B,A44,Assignments!$AE:$AE, "Y",Assignments!$D:$D,">="&TODAY()-30)) -> 0 | T44: =IF(A44="","",COUNTIFS(Assignments!$AF:$AF,A44,Assignments!$AE:$AE, "Y",Assignments!$D:$D,">="&TODAY()-30)) -> 0 | U44: =IF(A44="","",IFERROR(S44/MAX(1,COUNTIFS(Assignments!$B:$B,A44,Assignments!$D:$D,">="&TODAY()-30)),"")) -> 0 | V44: =IF(A44="","",T44-S44) -> 0
A45: GRD-42 | B45: nxsty4487 | C45: Regular | D45: =IF($C45="Regular","3","5") -> 3 | E45: =IF($A45="","",COUNTIFS(Assignments!$B$6:$B$305,$A45,Assignments!$E$6:$E$305,"Active")) -> 0 | F45: =IF($A45="","",COUNTIFS(Assignments!$B$6:$B$305,$A45,Assignments!$D$6:$D$305,">="&Config!$B$3-7,Assignments!$D$6:$D$305,"<="&Config!$B$3)) -> 0 | G45: =IF($A45="","",MAXIFS(Assignments!$D$6:$D$305,Assignments!$B$6:$B$305,$A45)) -> 0 | H45: =IF($A45="","",IF($G45="","",Config!$B$3-$G45)) -> 46071 | I45: =IF($A45="","",IF($D45=0,"",$E45/$D45)) -> 0 | J45: =IF($A45="","",IFERROR(AVERAGEIFS(Assignments!$N$6:$N$1000,Assignments!$B$6:$B$1000,$A45,Assignments!$E$6:$E$1000,"Completed"),"")) | K45: =IF($A45="","",IFERROR(AVERAGEIFS(Assignments!$AO:$AO,Assignments!$B:$B,$A45,Assignments!$E:$E,"Completed"),"")) | L45: =IF($A45="","",IFERROR(COUNTIFS(Assignments!$B$6:$B$1000,$A45,Assignments!$E$6:$E$1000,"Cancelled")/MAX(1,COUNTIFS(Assignments!$B$6:$B$1000,$A45,Assignments!$E$6:$E$1000,"Completed")+COUNTIFS(Assignments!$B$6:$B$1000,$A45,Assignments!$E$6:$E$1000,"Cancelled")),"")) -> 0 | M45: =IF($A45="","",IFERROR(AVERAGEIFS(Assignments!$P$6:$P$1000,Assignments!$B$6:$B$1000,$A45,Assignments!$E$6:$E$1000,"Completed"),"")) | N45: - | P45: =IF(A45="","",MAX(0,MIN(3,SUMIFS(Strike_Log!$C:$C,Strike_Log!$B:$B,A45,Strike_Log!$A:$A,">="&IF(Config!$B$1004="Y",TODAY()-Config!$B$1005,DATE(1900,1,1)),Strike_Log!$I:$I,1)))) -> 0 | Q45: =IF(P45="",0,CHOOSE(MIN(3,MAX(0,P45))+1,0,0.03,0.07,0.2)) -> 0 | R45: =IF(A45="","",IFERROR(AVERAGEIFS(Assignments!$J:$J,Assignments!$B:$B,A45,Assignments!$E:$E,"Completed"),"")) | S45: =IF(A45="","",COUNTIFS(Assignments!$B:$B,A45,Assignments!$AE:$AE, "Y",Assignments!$D:$D,">="&TODAY()-30)) -> 0 | T45: =IF(A45="","",COUNTIFS(Assignments!$AF:$AF,A45,Assignments!$AE:$AE, "Y",Assignments!$D:$D,">="&TODAY()-30)) -> 0 | U45: =IF(A45="","",IFERROR(S45/MAX(1,COUNTIFS(Assignments!$B:$B,A45,Assignments!$D:$D,">="&TODAY()-30)),"")) -> 0 | V45: =IF(A45="","",T45-S45) -> 0
A46: GRD-43 | B46: idk566784 | C46: Regular | D46: =IF($C46="Regular","3","5") -> 3 | E46: =IF($A46="","",COUNTIFS(Assignments!$B$6:$B$305,$A46,Assignments!$E$6:$E$305,"Active")) -> 0 | F46: =IF($A46="","",COUNTIFS(Assignments!$B$6:$B$305,$A46,Assignments!$D$6:$D$305,">="&Config!$B$3-7,Assignments!$D$6:$D$305,"<="&Config!$B$3)) -> 0 | G46: =IF($A46="","",MAXIFS(Assignments!$D$6:$D$305,Assignments!$B$6:$B$305,$A46)) -> 0 | H46: =IF($A46="","",IF($G46="","",Config!$B$3-$G46)) -> 46071 | I46: =IF($A46="","",IF($D46=0,"",$E46/$D46)) -> 0 | J46: =IF($A46="","",IFERROR(AVERAGEIFS(Assignments!$N$6:$N$1000,Assignments!$B$6:$B$1000,$A46,Assignments!$E$6:$E$1000,"Completed"),"")) | K46: =IF($A46="","",IFERROR(AVERAGEIFS(Assignments!$AO:$AO,Assignments!$B:$B,$A46,Assignments!$E:$E,"Completed"),"")) | L46: =IF($A46="","",IFERROR(COUNTIFS(Assignments!$B$6:$B$1000,$A46,Assignments!$E$6:$E$1000,"Cancelled")/MAX(1,COUNTIFS(Assignments!$B$6:$B$1000,$A46,Assignments!$E$6:$E$1000,"Completed")+COUNTIFS(Assignments!$B$6:$B$1000,$A46,Assignments!$E$6:$E$1000,"Cancelled")),"")) -> 0 | M46: =IF($A46="","",IFERROR(AVERAGEIFS(Assignments!$P$6:$P$1000,Assignments!$B$6:$B$1000,$A46,Assignments!$E$6:$E$1000,"Completed"),"")) | N46: - | P46: =IF(A46="","",MAX(0,MIN(3,SUMIFS(Strike_Log!$C:$C,Strike_Log!$B:$B,A46,Strike_Log!$A:$A,">="&IF(Config!$B$1004="Y",TODAY()-Config!$B$1005,DATE(1900,1,1)),Strike_Log!$I:$I,1)))) -> 0 | Q46: =IF(P46="",0,CHOOSE(MIN(3,MAX(0,P46))+1,0,0.03,0.07,0.2)) -> 0 | R46: =IF(A46="","",IFERROR(AVERAGEIFS(Assignments!$J:$J,Assignments!$B:$B,A46,Assignments!$E:$E,"Completed"),"")) | S46: =IF(A46="","",COUNTIFS(Assignments!$B:$B,A46,Assignments!$AE:$AE, "Y",Assignments!$D:$D,">="&TODAY()-30)) -> 0 | T46: =IF(A46="","",COUNTIFS(Assignments!$AF:$AF,A46,Assignments!$AE:$AE, "Y",Assignments!$D:$D,">="&TODAY()-30)) -> 0 | U46: =IF(A46="","",IFERROR(S46/MAX(1,COUNTIFS(Assignments!$B:$B,A46,Assignments!$D:$D,">="&TODAY()-30)),"")) -> 0 | V46: =IF(A46="","",T46-S46) -> 0
A47: GRD-44 | B47: plqckss | C47: Elite | D47: =IF($C47="Regular","3","5") -> 5 | E47: =IF($A47="","",COUNTIFS(Assignments!$B$6:$B$305,$A47,Assignments!$E$6:$E$305,"Active")) -> 0 | F47: =IF($A47="","",COUNTIFS(Assignments!$B$6:$B$305,$A47,Assignments!$D$6:$D$305,">="&Config!$B$3-7,Assignments!$D$6:$D$305,"<="&Config!$B$3)) -> 0 | G47: =IF($A47="","",MAXIFS(Assignments!$D$6:$D$305,Assignments!$B$6:$B$305,$A47)) -> 0 | H47: =IF($A47="","",IF($G47="","",Config!$B$3-$G47)) -> 46071 | I47: =IF($A47="","",IF($D47=0,"",$E47/$D47)) -> 0 | J47: =IF($A47="","",IFERROR(AVERAGEIFS(Assignments!$N$6:$N$1000,Assignments!$B$6:$B$1000,$A47,Assignments!$E$6:$E$1000,"Completed"),"")) | K47: =IF($A47="","",IFERROR(AVERAGEIFS(Assignments!$AO:$AO,Assignments!$B:$B,$A47,Assignments!$E:$E,"Completed"),"")) | L47: =IF($A47="","",IFERROR(COUNTIFS(Assignments!$B$6:$B$1000,$A47,Assignments!$E$6:$E$1000,"Cancelled")/MAX(1,COUNTIFS(Assignments!$B$6:$B$1000,$A47,Assignments!$E$6:$E$1000,"Completed")+COUNTIFS(Assignments!$B$6:$B$1000,$A47,Assignments!$E$6:$E$1000,"Cancelled")),"")) -> 0 | M47: =IF($A47="","",IFERROR(AVERAGEIFS(Assignments!$P$6:$P$1000,Assignments!$B$6:$B$1000,$A47,Assignments!$E$6:$E$1000,"Completed"),"")) | N47: - | P47: =IF(A47="","",MAX(0,MIN(3,SUMIFS(Strike_Log!$C:$C,Strike_Log!$B:$B,A47,Strike_Log!$A:$A,">="&IF(Config!$B$1004="Y",TODAY()-Config!$B$1005,DATE(1900,1,1)),Strike_Log!$I:$I,1)))) -> 0 | Q47: =IF(P47="",0,CHOOSE(MIN(3,MAX(0,P47))+1,0,0.03,0.07,0.2)) -> 0 | R47: =IF(A47="","",IFERROR(AVERAGEIFS(Assignments!$J:$J,Assignments!$B:$B,A47,Assignments!$E:$E,"Completed"),"")) | S47: =IF(A47="","",COUNTIFS(Assignments!$B:$B,A47,Assignments!$AE:$AE, "Y",Assignments!$D:$D,">="&TODAY()-30)) -> 0 | T47: =IF(A47="","",COUNTIFS(Assignments!$AF:$AF,A47,Assignments!$AE:$AE, "Y",Assignments!$D:$D,">="&TODAY()-30)) -> 0 | U47: =IF(A47="","",IFERROR(S47/MAX(1,COUNTIFS(Assignments!$B:$B,A47,Assignments!$D:$D,">="&TODAY()-30)),"")) -> 0 | V47: =IF(A47="","",T47-S47) -> 0
A48: GRD-45 | B48: poprevails | C48: Regular | D48: =IF($C48="Regular","3","5") -> 3 | E48: =IF($A48="","",COUNTIFS(Assignments!$B$6:$B$305,$A48,Assignments!$E$6:$E$305,"Active")) -> 0 | F48: =IF($A48="","",COUNTIFS(Assignments!$B$6:$B$305,$A48,Assignments!$D$6:$D$305,">="&Config!$B$3-7,Assignments!$D$6:$D$305,"<="&Config!$B$3)) -> 0 | G48: =IF($A48="","",MAXIFS(Assignments!$D$6:$D$305,Assignments!$B$6:$B$305,$A48)) -> 0 | H48: =IF($A48="","",IF($G48="","",Config!$B$3-$G48)) -> 46071 | I48: =IF($A48="","",IF($D48=0,"",$E48/$D48)) -> 0 | J48: =IF($A48="","",IFERROR(AVERAGEIFS(Assignments!$N$6:$N$1000,Assignments!$B$6:$B$1000,$A48,Assignments!$E$6:$E$1000,"Completed"),"")) | K48: =IF($A48="","",IFERROR(AVERAGEIFS(Assignments!$AO:$AO,Assignments!$B:$B,$A48,Assignments!$E:$E,"Completed"),"")) | L48: =IF($A48="","",IFERROR(COUNTIFS(Assignments!$B$6:$B$1000,$A48,Assignments!$E$6:$E$1000,"Cancelled")/MAX(1,COUNTIFS(Assignments!$B$6:$B$1000,$A48,Assignments!$E$6:$E$1000,"Completed")+COUNTIFS(Assignments!$B$6:$B$1000,$A48,Assignments!$E$6:$E$1000,"Cancelled")),"")) -> 0 | M48: =IF($A48="","",IFERROR(AVERAGEIFS(Assignments!$P$6:$P$1000,Assignments!$B$6:$B$1000,$A48,Assignments!$E$6:$E$1000,"Completed"),"")) | N48: - | P48: =IF(A48="","",MAX(0,MIN(3,SUMIFS(Strike_Log!$C:$C,Strike_Log!$B:$B,A48,Strike_Log!$A:$A,">="&IF(Config!$B$1004="Y",TODAY()-Config!$B$1005,DATE(1900,1,1)),Strike_Log!$I:$I,1)))) -> 0 | Q48: =IF(P48="",0,CHOOSE(MIN(3,MAX(0,P48))+1,0,0.03,0.07,0.2)) -> 0 | R48: =IF(A48="","",IFERROR(AVERAGEIFS(Assignments!$J:$J,Assignments!$B:$B,A48,Assignments!$E:$E,"Completed"),"")) | S48: =IF(A48="","",COUNTIFS(Assignments!$B:$B,A48,Assignments!$AE:$AE, "Y",Assignments!$D:$D,">="&TODAY()-30)) -> 0 | T48: =IF(A48="","",COUNTIFS(Assignments!$AF:$AF,A48,Assignments!$AE:$AE, "Y",Assignments!$D:$D,">="&TODAY()-30)) -> 0 | U48: =IF(A48="","",IFERROR(S48/MAX(1,COUNTIFS(Assignments!$B:$B,A48,Assignments!$D:$D,">="&TODAY()-30)),"")) -> 0 | V48: =IF(A48="","",T48-S48) -> 0
A49: GRD-46 | B49: pro5153 | C49: Regular | D49: =IF($C49="Regular","3","5") -> 3 | E49: =IF($A49="","",COUNTIFS(Assignments!$B$6:$B$305,$A49,Assignments!$E$6:$E$305,"Active")) -> 0 | F49: =IF($A49="","",COUNTIFS(Assignments!$B$6:$B$305,$A49,Assignments!$D$6:$D$305,">="&Config!$B$3-7,Assignments!$D$6:$D$305,"<="&Config!$B$3)) -> 0 | G49: =IF($A49="","",MAXIFS(Assignments!$D$6:$D$305,Assignments!$B$6:$B$305,$A49)) -> 0 | H49: =IF($A49="","",IF($G49="","",Config!$B$3-$G49)) -> 46071 | I49: =IF($A49="","",IF($D49=0,"",$E49/$D49)) -> 0 | J49: =IF($A49="","",IFERROR(AVERAGEIFS(Assignments!$N$6:$N$1000,Assignments!$B$6:$B$1000,$A49,Assignments!$E$6:$E$1000,"Completed"),"")) | K49: =IF($A49="","",IFERROR(AVERAGEIFS(Assignments!$AO:$AO,Assignments!$B:$B,$A49,Assignments!$E:$E,"Completed"),"")) | L49: =IF($A49="","",IFERROR(COUNTIFS(Assignments!$B$6:$B$1000,$A49,Assignments!$E$6:$E$1000,"Cancelled")/MAX(1,COUNTIFS(Assignments!$B$6:$B$1000,$A49,Assignments!$E$6:$E$1000,"Completed")+COUNTIFS(Assignments!$B$6:$B$1000,$A49,Assignments!$E$6:$E$1000,"Cancelled")),"")) -> 0 | M49: =IF($A49="","",IFERROR(AVERAGEIFS(Assignments!$P$6:$P$1000,Assignments!$B$6:$B$1000,$A49,Assignments!$E$6:$E$1000,"Completed"),"")) | N49: - | P49: =IF(A49="","",MAX(0,MIN(3,SUMIFS(Strike_Log!$C:$C,Strike_Log!$B:$B,A49,Strike_Log!$A:$A,">="&IF(Config!$B$1004="Y",TODAY()-Config!$B$1005,DATE(1900,1,1)),Strike_Log!$I:$I,1)))) -> 0 | Q49: =IF(P49="",0,CHOOSE(MIN(3,MAX(0,P49))+1,0,0.03,0.07,0.2)) -> 0 | R49: =IF(A49="","",IFERROR(AVERAGEIFS(Assignments!$J:$J,Assignments!$B:$B,A49,Assignments!$E:$E,"Completed"),"")) | S49: =IF(A49="","",COUNTIFS(Assignments!$B:$B,A49,Assignments!$AE:$AE, "Y",Assignments!$D:$D,">="&TODAY()-30)) -> 0 | T49: =IF(A49="","",COUNTIFS(Assignments!$AF:$AF,A49,Assignments!$AE:$AE, "Y",Assignments!$D:$D,">="&TODAY()-30)) -> 0 | U49: =IF(A49="","",IFERROR(S49/MAX(1,COUNTIFS(Assignments!$B:$B,A49,Assignments!$D:$D,">="&TODAY()-30)),"")) -> 0 | V49: =IF(A49="","",T49-S49) -> 0
A50: GRD-47 | B50: provoke. | C50: Regular | D50: =IF($C50="Regular","3","5") -> 3 | E50: =IF($A50="","",COUNTIFS(Assignments!$B$6:$B$305,$A50,Assignments!$E$6:$E$305,"Active")) -> 0 | F50: =IF($A50="","",COUNTIFS(Assignments!$B$6:$B$305,$A50,Assignments!$D$6:$D$305,">="&Config!$B$3-7,Assignments!$D$6:$D$305,"<="&Config!$B$3)) -> 0 | G50: =IF($A50="","",MAXIFS(Assignments!$D$6:$D$305,Assignments!$B$6:$B$305,$A50)) -> 0 | H50: =IF($A50="","",IF($G50="","",Config!$B$3-$G50)) -> 46071 | I50: =IF($A50="","",IF($D50=0,"",$E50/$D50)) -> 0 | J50: =IF($A50="","",IFERROR(AVERAGEIFS(Assignments!$N$6:$N$1000,Assignments!$B$6:$B$1000,$A50,Assignments!$E$6:$E$1000,"Completed"),"")) | K50: =IF($A50="","",IFERROR(AVERAGEIFS(Assignments!$AO:$AO,Assignments!$B:$B,$A50,Assignments!$E:$E,"Completed"),"")) | L50: =IF($A50="","",IFERROR(COUNTIFS(Assignments!$B$6:$B$1000,$A50,Assignments!$E$6:$E$1000,"Cancelled")/MAX(1,COUNTIFS(Assignments!$B$6:$B$1000,$A50,Assignments!$E$6:$E$1000,"Completed")+COUNTIFS(Assignments!$B$6:$B$1000,$A50,Assignments!$E$6:$E$1000,"Cancelled")),"")) -> 0 | M50: =IF($A50="","",IFERROR(AVERAGEIFS(Assignments!$P$6:$P$1000,Assignments!$B$6:$B$1000,$A50,Assignments!$E$6:$E$1000,"Completed"),"")) | N50: - | P50: =IF(A50="","",MAX(0,MIN(3,SUMIFS(Strike_Log!$C:$C,Strike_Log!$B:$B,A50,Strike_Log!$A:$A,">="&IF(Config!$B$1004="Y",TODAY()-Config!$B$1005,DATE(1900,1,1)),Strike_Log!$I:$I,1)))) -> 0 | Q50: =IF(P50="",0,CHOOSE(MIN(3,MAX(0,P50))+1,0,0.03,0.07,0.2)) -> 0 | R50: =IF(A50="","",IFERROR(AVERAGEIFS(Assignments!$J:$J,Assignments!$B:$B,A50,Assignments!$E:$E,"Completed"),"")) | S50: =IF(A50="","",COUNTIFS(Assignments!$B:$B,A50,Assignments!$AE:$AE, "Y",Assignments!$D:$D,">="&TODAY()-30)) -> 0 | T50: =IF(A50="","",COUNTIFS(Assignments!$AF:$AF,A50,Assignments!$AE:$AE, "Y",Assignments!$D:$D,">="&TODAY()-30)) -> 0 | U50: =IF(A50="","",IFERROR(S50/MAX(1,COUNTIFS(Assignments!$B:$B,A50,Assignments!$D:$D,">="&TODAY()-30)),"")) -> 0 | V50: =IF(A50="","",T50-S50) -> 0
... A76: GRD-73 | B76: tr6nd | C76: Regular | D76: =IF($C76="Regular","3","5") -> 3 | E76: =IF($A76="","",COUNTIFS(Assignments!$B$6:$B$305,$A76,Assignments!$E$6:$E$305,"Active")) -> 0 | F76: =IF($A76="","",COUNTIFS(Assignments!$B$6:$B$305,$A76,Assignments!$D$6:$D$305,">="&Config!$B$3-7,Assignments!$D$6:$D$305,"<="&Config!$B$3)) -> 0 | G76: =IF($A76="","",MAXIFS(Assignments!$D$6:$D$305,Assignments!$B$6:$B$305,$A76)) -> 0 | H76: =IF($A76="","",IF($G76="","",Config!$B$3-$G76)) -> 46071 | I76: =IF($A76="","",IF($D76=0,"",$E76/$D76)) -> 0 | J76: =IF($A76="","",IFERROR(AVERAGEIFS(Assignments!$N$6:$N$1000,Assignments!$B$6:$B$1000,$A76,Assignments!$E$6:$E$1000,"Completed"),"")) | K76: =IF($A76="","",IFERROR(AVERAGEIFS(Assignments!$AO:$AO,Assignments!$B:$B,$A76,Assignments!$E:$E,"Completed"),"")) | L76: =IF($A76="","",IFERROR(COUNTIFS(Assignments!$B$6:$B$1000,$A76,Assignments!$E$6:$E$1000,"Cancelled")/MAX(1,COUNTIFS(Assignments!$B$6:$B$1000,$A76,Assignments!$E$6:$E$1000,"Completed")+COUNTIFS(Assignments!$B$6:$B$1000,$A76,Assignments!$E$6:$E$1000,"Cancelled")),"")) -> 0 | M76: =IF($A76="","",IFERROR(AVERAGEIFS(Assignments!$P$6:$P$1000,Assignments!$B$6:$B$1000,$A76,Assignments!$E$6:$E$1000,"Completed"),"")) | N76: - | P76: =IF(A76="","",MAX(0,MIN(3,SUMIFS(Strike_Log!$C:$C,Strike_Log!$B:$B,A76,Strike_Log!$A:$A,">="&IF(Config!$B$1004="Y",TODAY()-Config!$B$1005,DATE(1900,1,1)),Strike_Log!$I:$I,1)))) -> 0 | Q76: =IF(P76="",0,CHOOSE(MIN(3,MAX(0,P76))+1,0,0.03,0.07,0.2)) -> 0 | R76: =IF(A76="","",IFERROR(AVERAGEIFS(Assignments!$J:$J,Assignments!$B:$B,A76,Assignments!$E:$E,"Completed"),"")) | S76: =IF(A76="","",COUNTIFS(Assignments!$B:$B,A76,Assignments!$AE:$AE, "Y",Assignments!$D:$D,">="&TODAY()-30)) -> 0 | T76: =IF(A76="","",COUNTIFS(Assignments!$AF:$AF,A76,Assignments!$AE:$AE, "Y",Assignments!$D:$D,">="&TODAY()-30)) -> 0 | U76: =IF(A76="","",IFERROR(S76/MAX(1,COUNTIFS(Assignments!$B:$B,A76,Assignments!$D:$D,">="&TODAY()-30)),"")) -> 0 | V76: =IF(A76="","",T76-S76) -> 0
E77: =IF($A77="","",COUNTIFS(Assignments!$B$6:$B$305,$A77,Assignments!$E$6:$E$305,"Active")) | F77: =IF($A77="","",COUNTIFS(Assignments!$B$6:$B$305,$A77,Assignments!$D$6:$D$305,">="&Config!$B$3-7,Assignments!$D$6:$D$305,"<="&Config!$B$3)) | G77: =IF($A77="","",MAXIFS(Assignments!$D$6:$D$305,Assignments!$B$6:$B$305,$A77)) | H77: =IF($A77="","",IF($G77="","",Config!$B$3-$G77)) | I77: =IF($A77="","",IF($D77=0,"",$E77/$D77)) | J77: =IF($A77="","",IFERROR(AVERAGEIFS(Assignments!$N$6:$N$1000,Assignments!$B$6:$B$1000,$A77,Assignments!$E$6:$E$1000,"Completed"),"")) | K77: =IF(A77="","",IFERROR(AVERAGEIFS(Assignments!$AO:$AO,Assignments!$B:$B,A77,Assignments!$E:$E,"Completed"),"")) | L77: =IF($A77="","",IFERROR(COUNTIFS(Assignments!$B$6:$B$1000,$A77,Assignments!$E$6:$E$1000,"Cancelled")/MAX(1,COUNTIFS(Assignments!$B$6:$B$1000,$A77,Assignments!$E$6:$E$1000,"Completed")+COUNTIFS(Assignments!$B$6:$B$1000,$A77,Assignments!$E$6:$E$1000,"Cancelled")),"")) | M77: =IF($A77="","",IFERROR(AVERAGEIFS(Assignments!$P$6:$P$1000,Assignments!$B$6:$B$1000,$A77,Assignments!$E$6:$E$1000,"Completed"),"")) | P77: =IF(A77="","",MAX(0,MIN(3,SUMIFS(Strike_Log!$C:$C,Strike_Log!$B:$B,A77,Strike_Log!$A:$A,">="&IF(Config!$B$1004="Y",TODAY()-Config!$B$1005,DATE(1900,1,1)),Strike_Log!$I:$I,1)))) | Q77: =IF(P77="",0,CHOOSE(MIN(3,MAX(0,P77))+1,0,0.03,0.07,0.2)) -> 0 | R77: =IF(A77="","",IFERROR(AVERAGEIFS(Assignments!$J:$J,Assignments!$B:$B,A77,Assignments!$E:$E,"Completed"),"")) | S77: =IF(A77="","",COUNTIFS(Assignments!$B:$B,A77,Assignments!$AE:$AE, "Y",Assignments!$D:$D,">="&TODAY()-30)) | T77: =IF(A77="","",COUNTIFS(Assignments!$AF:$AF,A77,Assignments!$AE:$AE, "Y",Assignments!$D:$D,">="&TODAY()-30)) | U77: =IF(A77="","",IFERROR(S77/MAX(1,COUNTIFS(Assignments!$B:$B,A77,Assignments!$D:$D,">="&TODAY()-30)),"")) | V77: =IF(A77="","",T77-S77)
E78: =IF($A78="","",COUNTIFS(Assignments!$B$6:$B$305,$A78,Assignments!$E$6:$E$305,"Active")) | F78: =IF($A78="","",COUNTIFS(Assignments!$B$6:$B$305,$A78,Assignments!$D$6:$D$305,">="&Config!$B$3-7,Assignments!$D$6:$D$305,"<="&Config!$B$3)) | G78: =IF($A78="","",MAXIFS(Assignments!$D$6:$D$305,Assignments!$B$6:$B$305,$A78)) | H78: =IF($A78="","",IF($G78="","",Config!$B$3-$G78)) | I78: =IF($A78="","",IF($D78=0,"",$E78/$D78)) | J78: =IF($A78="","",IFERROR(AVERAGEIFS(Assignments!$N$6:$N$1000,Assignments!$B$6:$B$1000,$A78,Assignments!$E$6:$E$1000,"Completed"),"")) | K78: =IF(A78="","",IFERROR(AVERAGEIFS(Assignments!$AO:$AO,Assignments!$B:$B,A78,Assignments!$E:$E,"Completed"),"")) | L78: =IF($A78="","",IFERROR(COUNTIFS(Assignments!$B$6:$B$1000,$A78,Assignments!$E$6:$E$1000,"Cancelled")/MAX(1,COUNTIFS(Assignments!$B$6:$B$1000,$A78,Assignments!$E$6:$E$1000,"Completed")+COUNTIFS(Assignments!$B$6:$B$1000,$A78,Assignments!$E$6:$E$1000,"Cancelled")),"")) | M78: =IF($A78="","",IFERROR(AVERAGEIFS(Assignments!$P$6:$P$1000,Assignments!$B$6:$B$1000,$A78,Assignments!$E$6:$E$1000,"Completed"),"")) | P78: =IF(A78="","",MAX(0,MIN(3,SUMIFS(Strike_Log!$C:$C,Strike_Log!$B:$B,A78,Strike_Log!$A:$A,">="&IF(Config!$B$1004="Y",TODAY()-Config!$B$1005,DATE(1900,1,1)),Strike_Log!$I:$I,1)))) | Q78: =IF(P78="",0,CHOOSE(MIN(3,MAX(0,P78))+1,0,0.03,0.07,0.2)) -> 0 | R78: =IF(A78="","",IFERROR(AVERAGEIFS(Assignments!$J:$J,Assignments!$B:$B,A78,Assignments!$E:$E,"Completed"),"")) | S78: =IF(A78="","",COUNTIFS(Assignments!$B:$B,A78,Assignments!$AE:$AE, "Y",Assignments!$D:$D,">="&TODAY()-30)) | T78: =IF(A78="","",COUNTIFS(Assignments!$AF:$AF,A78,Assignments!$AE:$AE, "Y",Assignments!$D:$D,">="&TODAY()-30)) | U78: =IF(A78="","",IFERROR(S78/MAX(1,COUNTIFS(Assignments!$B:$B,A78,Assignments!$D:$D,">="&TODAY()-30)),"")) | V78: =IF(A78="","",T78-S78)
E79: =IF($A79="","",COUNTIFS(Assignments!$B$6:$B$305,$A79,Assignments!$E$6:$E$305,"Active")) | F79: =IF($A79="","",COUNTIFS(Assignments!$B$6:$B$305,$A79,Assignments!$D$6:$D$305,">="&Config!$B$3-7,Assignments!$D$6:$D$305,"<="&Config!$B$3)) | G79: =IF($A79="","",MAXIFS(Assignments!$D$6:$D$305,Assignments!$B$6:$B$305,$A79)) | H79: =IF($A79="","",IF($G79="","",Config!$B$3-$G79)) | I79: =IF($A79="","",IF($D79=0,"",$E79/$D79)) | J79: =IF($A79="","",IFERROR(AVERAGEIFS(Assignments!$N$6:$N$1000,Assignments!$B$6:$B$1000,$A79,Assignments!$E$6:$E$1000,"Completed"),"")) | K79: =IF(A79="","",IFERROR(AVERAGEIFS(Assignments!$AO:$AO,Assignments!$B:$B,A79,Assignments!$E:$E,"Completed"),"")) | L79: =IF($A79="","",IFERROR(COUNTIFS(Assignments!$B$6:$B$1000,$A79,Assignments!$E$6:$E$1000,"Cancelled")/MAX(1,COUNTIFS(Assignments!$B$6:$B$1000,$A79,Assignments!$E$6:$E$1000,"Completed")+COUNTIFS(Assignments!$B$6:$B$1000,$A79,Assignments!$E$6:$E$1000,"Cancelled")),"")) | M79: =IF($A79="","",IFERROR(AVERAGEIFS(Assignments!$P$6:$P$1000,Assignments!$B$6:$B$1000,$A79,Assignments!$E$6:$E$1000,"Completed"),"")) | P79: =IF(A79="","",MAX(0,MIN(3,SUMIFS(Strike_Log!$C:$C,Strike_Log!$B:$B,A79,Strike_Log!$A:$A,">="&IF(Config!$B$1004="Y",TODAY()-Config!$B$1005,DATE(1900,1,1)),Strike_Log!$I:$I,1)))) | Q79: =IF(P79="",0,CHOOSE(MIN(3,MAX(0,P79))+1,0,0.03,0.07,0.2)) -> 0 | R79: =IF(A79="","",IFERROR(AVERAGEIFS(Assignments!$J:$J,Assignments!$B:$B,A79,Assignments!$E:$E,"Completed"),"")) | S79: =IF(A79="","",COUNTIFS(Assignments!$B:$B,A79,Assignments!$AE:$AE, "Y",Assignments!$D:$D,">="&TODAY()-30)) | T79: =IF(A79="","",COUNTIFS(Assignments!$AF:$AF,A79,Assignments!$AE:$AE, "Y",Assignments!$D:$D,">="&TODAY()-30)) | U79: =IF(A79="","",IFERROR(S79/MAX(1,COUNTIFS(Assignments!$B:$B,A79,Assignments!$D:$D,">="&TODAY()-30)),"")) | V79: =IF(A79="","",T79-S79)
E80: =IF($A80="","",COUNTIFS(Assignments!$B$6:$B$305,$A80,Assignments!$E$6:$E$305,"Active")) | F80: =IF($A80="","",COUNTIFS(Assignments!$B$6:$B$305,$A80,Assignments!$D$6:$D$305,">="&Config!$B$3-7,Assignments!$D$6:$D$305,"<="&Config!$B$3)) | G80: =IF($A80="","",MAXIFS(Assignments!$D$6:$D$305,Assignments!$B$6:$B$305,$A80)) | H80: =IF($A80="","",IF($G80="","",Config!$B$3-$G80)) | I80: =IF($A80="","",IF($D80=0,"",$E80/$D80)) | J80: =IF($A80="","",IFERROR(AVERAGEIFS(Assignments!$N$6:$N$1000,Assignments!$B$6:$B$1000,$A80,Assignments!$E$6:$E$1000,"Completed"),"")) | K80: =IF(A80="","",IFERROR(AVERAGEIFS(Assignments!$AO:$AO,Assignments!$B:$B,A80,Assignments!$E:$E,"Completed"),"")) | L80: =IF($A80="","",IFERROR(COUNTIFS(Assignments!$B$6:$B$1000,$A80,Assignments!$E$6:$E$1000,"Cancelled")/MAX(1,COUNTIFS(Assignments!$B$6:$B$1000,$A80,Assignments!$E$6:$E$1000,"Completed")+COUNTIFS(Assignments!$B$6:$B$1000,$A80,Assignments!$E$6:$E$1000,"Cancelled")),"")) | M80: =IF($A80="","",IFERROR(AVERAGEIFS(Assignments!$P$6:$P$1000,Assignments!$B$6:$B$1000,$A80,Assignments!$E$6:$E$1000,"Completed"),"")) | P80: =IF(A80="","",MAX(0,MIN(3,SUMIFS(Strike_Log!$C:$C,Strike_Log!$B:$B,A80,Strike_Log!$A:$A,">="&IF(Config!$B$1004="Y",TODAY()-Config!$B$1005,DATE(1900,1,1)),Strike_Log!$I:$I,1)))) | Q80: =IF(P80="",0,CHOOSE(MIN(3,MAX(0,P80))+1,0,0.03,0.07,0.2)) -> 0 | R80: =IF(A80="","",IFERROR(AVERAGEIFS(Assignments!$J:$J,Assignments!$B:$B,A80,Assignments!$E:$E,"Completed"),"")) | S80: =IF(A80="","",COUNTIFS(Assignments!$B:$B,A80,Assignments!$AE:$AE, "Y",Assignments!$D:$D,">="&TODAY()-30)) | T80: =IF(A80="","",COUNTIFS(Assignments!$AF:$AF,A80,Assignments!$AE:$AE, "Y",Assignments!$D:$D,">="&TODAY()-30)) | U80: =IF(A80="","",IFERROR(S80/MAX(1,COUNTIFS(Assignments!$B:$B,A80,Assignments!$D:$D,">="&TODAY()-30)),"")) | V80: =IF(A80="","",T80-S80)
E81: =IF($A81="","",COUNTIFS(Assignments!$B$6:$B$305,$A81,Assignments!$E$6:$E$305,"Active")) | F81: =IF($A81="","",COUNTIFS(Assignments!$B$6:$B$305,$A81,Assignments!$D$6:$D$305,">="&Config!$B$3-7,Assignments!$D$6:$D$305,"<="&Config!$B$3)) | G81: =IF($A81="","",MAXIFS(Assignments!$D$6:$D$305,Assignments!$B$6:$B$305,$A81)) | H81: =IF($A81="","",IF($G81="","",Config!$B$3-$G81)) | I81: =IF($A81="","",IF($D81=0,"",$E81/$D81)) | J81: =IF($A81="","",IFERROR(AVERAGEIFS(Assignments!$N$6:$N$1000,Assignments!$B$6:$B$1000,$A81,Assignments!$E$6:$E$1000,"Completed"),"")) | K81: =IF(A81="","",IFERROR(AVERAGEIFS(Assignments!$AO:$AO,Assignments!$B:$B,A81,Assignments!$E:$E,"Completed"),"")) | L81: =IF($A81="","",IFERROR(COUNTIFS(Assignments!$B$6:$B$1000,$A81,Assignments!$E$6:$E$1000,"Cancelled")/MAX(1,COUNTIFS(Assignments!$B$6:$B$1000,$A81,Assignments!$E$6:$E$1000,"Completed")+COUNTIFS(Assignments!$B$6:$B$1000,$A81,Assignments!$E$6:$E$1000,"Cancelled")),"")) | M81: =IF($A81="","",IFERROR(AVERAGEIFS(Assignments!$P$6:$P$1000,Assignments!$B$6:$B$1000,$A81,Assignments!$E$6:$E$1000,"Completed"),"")) | P81: =IF(A81="","",MAX(0,MIN(3,SUMIFS(Strike_Log!$C:$C,Strike_Log!$B:$B,A81,Strike_Log!$A:$A,">="&IF(Config!$B$1004="Y",TODAY()-Config!$B$1005,DATE(1900,1,1)),Strike_Log!$I:$I,1)))) | Q81: =IF(P81="",0,CHOOSE(MIN(3,MAX(0,P81))+1,0,0.03,0.07,0.2)) -> 0 | R81: =IF(A81="","",IFERROR(AVERAGEIFS(Assignments!$J:$J,Assignments!$B:$B,A81,Assignments!$E:$E,"Completed"),"")) | S81: =IF(A81="","",COUNTIFS(Assignments!$B:$B,A81,Assignments!$AE:$AE, "Y",Assignments!$D:$D,">="&TODAY()-30)) | T81: =IF(A81="","",COUNTIFS(Assignments!$AF:$AF,A81,Assignments!$AE:$AE, "Y",Assignments!$D:$D,">="&TODAY()-30)) | U81: =IF(A81="","",IFERROR(S81/MAX(1,COUNTIFS(Assignments!$B:$B,A81,Assignments!$D:$D,">="&TODAY()-30)),"")) | V81: =IF(A81="","",T81-S81)
J82: =IF($A82="","",IFERROR(AVERAGEIFS(Assignments!$N$6:$N$1000,Assignments!$B$6:$B$1000,$A82,Assignments!$E$6:$E$1000,"Completed"),"")) | K82: =IF(A82="","",IFERROR(AVERAGEIFS(Assignments!$AO:$AO,Assignments!$B:$B,A82,Assignments!$E:$E,"Completed"),"")) | L82: =IF($A82="","",IFERROR(COUNTIFS(Assignments!$B$6:$B$1000,$A82,Assignments!$E$6:$E$1000,"Cancelled")/MAX(1,COUNTIFS(Assignments!$B$6:$B$1000,$A82,Assignments!$E$6:$E$1000,"Completed")+COUNTIFS(Assignments!$B$6:$B$1000,$A82,Assignments!$E$6:$E$1000,"Cancelled")),"")) | M82: =IF($A82="","",IFERROR(AVERAGEIFS(Assignments!$P$6:$P$1000,Assignments!$B$6:$B$1000,$A82,Assignments!$E$6:$E$1000,"Completed"),"")) | P82: =IF(A82="","",MAX(0,MIN(3,SUMIFS(Strike_Log!$C:$C,Strike_Log!$B:$B,A82,Strike_Log!$A:$A,">="&IF(Config!$B$1004="Y",TODAY()-Config!$B$1005,DATE(1900,1,1)),Strike_Log!$I:$I,1)))) | Q82: =IF(P82="",0,CHOOSE(MIN(3,MAX(0,P82))+1,0,0.03,0.07,0.2)) -> 0 | R82: =IF(A82="","",IFERROR(AVERAGEIFS(Assignments!$J:$J,Assignments!$B:$B,A82,Assignments!$E:$E,"Completed"),"")) | S82: =IF(A82="","",COUNTIFS(Assignments!$B:$B,A82,Assignments!$AE:$AE, "Y",Assignments!$D:$D,">="&TODAY()-30)) | T82: =IF(A82="","",COUNTIFS(Assignments!$AF:$AF,A82,Assignments!$AE:$AE, "Y",Assignments!$D:$D,">="&TODAY()-30)) | U82: =IF(A82="","",IFERROR(S82/MAX(1,COUNTIFS(Assignments!$B:$B,A82,Assignments!$D:$D,">="&TODAY()-30)),"")) | V82: =IF(A82="","",T82-S82)
J83: =IF($A83="","",IFERROR(AVERAGEIFS(Assignments!$N$6:$N$1000,Assignments!$B$6:$B$1000,$A83,Assignments!$E$6:$E$1000,"Completed"),"")) | K83: =IF(A83="","",IFERROR(AVERAGEIFS(Assignments!$AO:$AO,Assignments!$B:$B,A83,Assignments!$E:$E,"Completed"),"")) | L83: =IF($A83="","",IFERROR(COUNTIFS(Assignments!$B$6:$B$1000,$A83,Assignments!$E$6:$E$1000,"Cancelled")/MAX(1,COUNTIFS(Assignments!$B$6:$B$1000,$A83,Assignments!$E$6:$E$1000,"Completed")+COUNTIFS(Assignments!$B$6:$B$1000,$A83,Assignments!$E$6:$E$1000,"Cancelled")),"")) | M83: =IF($A83="","",IFERROR(AVERAGEIFS(Assignments!$P$6:$P$1000,Assignments!$B$6:$B$1000,$A83,Assignments!$E$6:$E$1000,"Completed"),"")) | P83: =IF(A83="","",MAX(0,MIN(3,SUMIFS(Strike_Log!$C:$C,Strike_Log!$B:$B,A83,Strike_Log!$A:$A,">="&IF(Config!$B$1004="Y",TODAY()-Config!$B$1005,DATE(1900,1,1)),Strike_Log!$I:$I,1)))) | Q83: =IF(P83="",0,CHOOSE(MIN(3,MAX(0,P83))+1,0,0.03,0.07,0.2)) -> 0 | R83: =IF(A83="","",IFERROR(AVERAGEIFS(Assignments!$J:$J,Assignments!$B:$B,A83,Assignments!$E:$E,"Completed"),"")) | S83: =IF(A83="","",COUNTIFS(Assignments!$B:$B,A83,Assignments!$AE:$AE, "Y",Assignments!$D:$D,">="&TODAY()-30)) | T83: =IF(A83="","",COUNTIFS(Assignments!$AF:$AF,A83,Assignments!$AE:$AE, "Y",Assignments!$D:$D,">="&TODAY()-30)) | U83: =IF(A83="","",IFERROR(S83/MAX(1,COUNTIFS(Assignments!$B:$B,A83,Assignments!$D:$D,">="&TODAY()-30)),"")) | V83: =IF(A83="","",T83-S83)
J84: =IF($A84="","",IFERROR(AVERAGEIFS(Assignments!$N$6:$N$1000,Assignments!$B$6:$B$1000,$A84,Assignments!$E$6:$E$1000,"Completed"),"")) | K84: =IF(A84="","",IFERROR(AVERAGEIFS(Assignments!$AO:$AO,Assignments!$B:$B,A84,Assignments!$E:$E,"Completed"),"")) | L84: =IF($A84="","",IFERROR(COUNTIFS(Assignments!$B$6:$B$1000,$A84,Assignments!$E$6:$E$1000,"Cancelled")/MAX(1,COUNTIFS(Assignments!$B$6:$B$1000,$A84,Assignments!$E$6:$E$1000,"Completed")+COUNTIFS(Assignments!$B$6:$B$1000,$A84,Assignments!$E$6:$E$1000,"Cancelled")),"")) | M84: =IF($A84="","",IFERROR(AVERAGEIFS(Assignments!$P$6:$P$1000,Assignments!$B$6:$B$1000,$A84,Assignments!$E$6:$E$1000,"Completed"),"")) | P84: =IF(A84="","",MAX(0,MIN(3,SUMIFS(Strike_Log!$C:$C,Strike_Log!$B:$B,A84,Strike_Log!$A:$A,">="&IF(Config!$B$1004="Y",TODAY()-Config!$B$1005,DATE(1900,1,1)),Strike_Log!$I:$I,1)))) | Q84: =IF(P84="",0,CHOOSE(MIN(3,MAX(0,P84))+1,0,0.03,0.07,0.2)) -> 0 | R84: =IF(A84="","",IFERROR(AVERAGEIFS(Assignments!$J:$J,Assignments!$B:$B,A84,Assignments!$E:$E,"Completed"),"")) | S84: =IF(A84="","",COUNTIFS(Assignments!$B:$B,A84,Assignments!$AE:$AE, "Y",Assignments!$D:$D,">="&TODAY()-30)) | T84: =IF(A84="","",COUNTIFS(Assignments!$AF:$AF,A84,Assignments!$AE:$AE, "Y",Assignments!$D:$D,">="&TODAY()-30)) | U84: =IF(A84="","",IFERROR(S84/MAX(1,COUNTIFS(Assignments!$B:$B,A84,Assignments!$D:$D,">="&TODAY()-30)),"")) | V84: =IF(A84="","",T84-S84)
J85: =IF($A85="","",IFERROR(AVERAGEIFS(Assignments!$N$6:$N$1000,Assignments!$B$6:$B$1000,$A85,Assignments!$E$6:$E$1000,"Completed"),"")) | K85: =IF(A85="","",IFERROR(AVERAGEIFS(Assignments!$AO:$AO,Assignments!$B:$B,A85,Assignments!$E:$E,"Completed"),"")) | L85: =IF($A85="","",IFERROR(COUNTIFS(Assignments!$B$6:$B$1000,$A85,Assignments!$E$6:$E$1000,"Cancelled")/MAX(1,COUNTIFS(Assignments!$B$6:$B$1000,$A85,Assignments!$E$6:$E$1000,"Completed")+COUNTIFS(Assignments!$B$6:$B$1000,$A85,Assignments!$E$6:$E$1000,"Cancelled")),"")) | M85: =IF($A85="","",IFERROR(AVERAGEIFS(Assignments!$P$6:$P$1000,Assignments!$B$6:$B$1000,$A85,Assignments!$E$6:$E$1000,"Completed"),"")) | P85: =IF(A85="","",MAX(0,MIN(3,SUMIFS(Strike_Log!$C:$C,Strike_Log!$B:$B,A85,Strike_Log!$A:$A,">="&IF(Config!$B$1004="Y",TODAY()-Config!$B$1005,DATE(1900,1,1)),Strike_Log!$I:$I,1)))) | Q85: =IF(P85="",0,CHOOSE(MIN(3,MAX(0,P85))+1,0,0.03,0.07,0.2)) -> 0 | R85: =IF(A85="","",IFERROR(AVERAGEIFS(Assignments!$J:$J,Assignments!$B:$B,A85,Assignments!$E:$E,"Completed"),"")) | S85: =IF(A85="","",COUNTIFS(Assignments!$B:$B,A85,Assignments!$AE:$AE, "Y",Assignments!$D:$D,">="&TODAY()-30)) | T85: =IF(A85="","",COUNTIFS(Assignments!$AF:$AF,A85,Assignments!$AE:$AE, "Y",Assignments!$D:$D,">="&TODAY()-30)) | U85: =IF(A85="","",IFERROR(S85/MAX(1,COUNTIFS(Assignments!$B:$B,A85,Assignments!$D:$D,">="&TODAY()-30)),"")) | V85: =IF(A85="","",T85-S85)
J86: =IF($A86="","",IFERROR(AVERAGEIFS(Assignments!$N$6:$N$1000,Assignments!$B$6:$B$1000,$A86,Assignments!$E$6:$E$1000,"Completed"),"")) | K86: =IF(A86="","",IFERROR(AVERAGEIFS(Assignments!$AO:$AO,Assignments!$B:$B,A86,Assignments!$E:$E,"Completed"),"")) | L86: =IF($A86="","",IFERROR(COUNTIFS(Assignments!$B$6:$B$1000,$A86,Assignments!$E$6:$E$1000,"Cancelled")/MAX(1,COUNTIFS(Assignments!$B$6:$B$1000,$A86,Assignments!$E$6:$E$1000,"Completed")+COUNTIFS(Assignments!$B$6:$B$1000,$A86,Assignments!$E$6:$E$1000,"Cancelled")),"")) | M86: =IF($A86="","",IFERROR(AVERAGEIFS(Assignments!$P$6:$P$1000,Assignments!$B$6:$B$1000,$A86,Assignments!$E$6:$E$1000,"Completed"),"")) | P86: =IF(A86="","",MAX(0,MIN(3,SUMIFS(Strike_Log!$C:$C,Strike_Log!$B:$B,A86,Strike_Log!$A:$A,">="&IF(Config!$B$1004="Y",TODAY()-Config!$B$1005,DATE(1900,1,1)),Strike_Log!$I:$I,1)))) | Q86: =IF(P86="",0,CHOOSE(MIN(3,MAX(0,P86))+1,0,0.03,0.07,0.2)) -> 0 | R86: =IF(A86="","",IFERROR(AVERAGEIFS(Assignments!$J:$J,Assignments!$B:$B,A86,Assignments!$E:$E,"Completed"),"")) | S86: =IF(A86="","",COUNTIFS(Assignments!$B:$B,A86,Assignments!$AE:$AE, "Y",Assignments!$D:$D,">="&TODAY()-30)) | T86: =IF(A86="","",COUNTIFS(Assignments!$AF:$AF,A86,Assignments!$AE:$AE, "Y",Assignments!$D:$D,">="&TODAY()-30)) | U86: =IF(A86="","",IFERROR(S86/MAX(1,COUNTIFS(Assignments!$B:$B,A86,Assignments!$D:$D,">="&TODAY()-30)),"")) | V86: =IF(A86="","",T86-S86)
J87: =IF($A87="","",IFERROR(AVERAGEIFS(Assignments!$N$6:$N$1000,Assignments!$B$6:$B$1000,$A87,Assignments!$E$6:$E$1000,"Completed"),"")) | K87: =IF(A87="","",IFERROR(AVERAGEIFS(Assignments!$AO:$AO,Assignments!$B:$B,A87,Assignments!$E:$E,"Completed"),"")) | L87: =IF($A87="","",IFERROR(COUNTIFS(Assignments!$B$6:$B$1000,$A87,Assignments!$E$6:$E$1000,"Cancelled")/MAX(1,COUNTIFS(Assignments!$B$6:$B$1000,$A87,Assignments!$E$6:$E$1000,"Completed")+COUNTIFS(Assignments!$B$6:$B$1000,$A87,Assignments!$E$6:$E$1000,"Cancelled")),"")) | M87: =IF($A87="","",IFERROR(AVERAGEIFS(Assignments!$P$6:$P$1000,Assignments!$B$6:$B$1000,$A87,Assignments!$E$6:$E$1000,"Completed"),"")) | P87: =IF(A87="","",MAX(0,MIN(3,SUMIFS(Strike_Log!$C:$C,Strike_Log!$B:$B,A87,Strike_Log!$A:$A,">="&IF(Config!$B$1004="Y",TODAY()-Config!$B$1005,DATE(1900,1,1)),Strike_Log!$I:$I,1)))) | Q87: =IF(P87="",0,CHOOSE(MIN(3,MAX(0,P87))+1,0,0.03,0.07,0.2)) -> 0 | R87: =IF(A87="","",IFERROR(AVERAGEIFS(Assignments!$J:$J,Assignments!$B:$B,A87,Assignments!$E:$E,"Completed"),"")) | S87: =IF(A87="","",COUNTIFS(Assignments!$B:$B,A87,Assignments!$AE:$AE, "Y",Assignments!$D:$D,">="&TODAY()-30)) | T87: =IF(A87="","",COUNTIFS(Assignments!$AF:$AF,A87,Assignments!$AE:$AE, "Y",Assignments!$D:$D,">="&TODAY()-30)) | U87: =IF(A87="","",IFERROR(S87/MAX(1,COUNTIFS(Assignments!$B:$B,A87,Assignments!$D:$D,">="&TODAY()-30)),"")) | V87: =IF(A87="","",T87-S87)
J88: =IF($A88="","",IFERROR(AVERAGEIFS(Assignments!$N$6:$N$1000,Assignments!$B$6:$B$1000,$A88,Assignments!$E$6:$E$1000,"Completed"),"")) | K88: =IF(A88="","",IFERROR(AVERAGEIFS(Assignments!$AO:$AO,Assignments!$B:$B,A88,Assignments!$E:$E,"Completed"),"")) | L88: =IF($A88="","",IFERROR(COUNTIFS(Assignments!$B$6:$B$1000,$A88,Assignments!$E$6:$E$1000,"Cancelled")/MAX(1,COUNTIFS(Assignments!$B$6:$B$1000,$A88,Assignments!$E$6:$E$1000,"Completed")+COUNTIFS(Assignments!$B$6:$B$1000,$A88,Assignments!$E$6:$E$1000,"Cancelled")),"")) | M88: =IF($A88="","",IFERROR(AVERAGEIFS(Assignments!$P$6:$P$1000,Assignments!$B$6:$B$1000,$A88,Assignments!$E$6:$E$1000,"Completed"),"")) | P88: =IF(A88="","",MAX(0,MIN(3,SUMIFS(Strike_Log!$C:$C,Strike_Log!$B:$B,A88,Strike_Log!$A:$A,">="&IF(Config!$B$1004="Y",TODAY()-Config!$B$1005,DATE(1900,1,1)),Strike_Log!$I:$I,1)))) | Q88: =IF(P88="",0,CHOOSE(MIN(3,MAX(0,P88))+1,0,0.03,0.07,0.2)) -> 0 | R88: =IF(A88="","",IFERROR(AVERAGEIFS(Assignments!$J:$J,Assignments!$B:$B,A88,Assignments!$E:$E,"Completed"),"")) | S88: =IF(A88="","",COUNTIFS(Assignments!$B:$B,A88,Assignments!$AE:$AE, "Y",Assignments!$D:$D,">="&TODAY()-30)) | T88: =IF(A88="","",COUNTIFS(Assignments!$AF:$AF,A88,Assignments!$AE:$AE, "Y",Assignments!$D:$D,">="&TODAY()-30)) | U88: =IF(A88="","",IFERROR(S88/MAX(1,COUNTIFS(Assignments!$B:$B,A88,Assignments!$D:$D,">="&TODAY()-30)),"")) | V88: =IF(A88="","",T88-S88)
J89: =IF($A89="","",IFERROR(AVERAGEIFS(Assignments!$N$6:$N$1000,Assignments!$B$6:$B$1000,$A89,Assignments!$E$6:$E$1000,"Completed"),"")) | K89: =IF(A89="","",IFERROR(AVERAGEIFS(Assignments!$AO:$AO,Assignments!$B:$B,A89,Assignments!$E:$E,"Completed"),"")) | L89: =IF($A89="","",IFERROR(COUNTIFS(Assignments!$B$6:$B$1000,$A89,Assignments!$E$6:$E$1000,"Cancelled")/MAX(1,COUNTIFS(Assignments!$B$6:$B$1000,$A89,Assignments!$E$6:$E$1000,"Completed")+COUNTIFS(Assignments!$B$6:$B$1000,$A89,Assignments!$E$6:$E$1000,"Cancelled")),"")) | M89: =IF($A89="","",IFERROR(AVERAGEIFS(Assignments!$P$6:$P$1000,Assignments!$B$6:$B$1000,$A89,Assignments!$E$6:$E$1000,"Completed"),"")) | P89: =IF(A89="","",MAX(0,MIN(3,SUMIFS(Strike_Log!$C:$C,Strike_Log!$B:$B,A89,Strike_Log!$A:$A,">="&IF(Config!$B$1004="Y",TODAY()-Config!$B$1005,DATE(1900,1,1)),Strike_Log!$I:$I,1)))) | Q89: =IF(P89="",0,CHOOSE(MIN(3,MAX(0,P89))+1,0,0.03,0.07,0.2)) -> 0 | R89: =IF(A89="","",IFERROR(AVERAGEIFS(Assignments!$J:$J,Assignments!$B:$B,A89,Assignments!$E:$E,"Completed"),"")) | S89: =IF(A89="","",COUNTIFS(Assignments!$B:$B,A89,Assignments!$AE:$AE, "Y",Assignments!$D:$D,">="&TODAY()-30)) | T89: =IF(A89="","",COUNTIFS(Assignments!$AF:$AF,A89,Assignments!$AE:$AE, "Y",Assignments!$D:$D,">="&TODAY()-30)) | U89: =IF(A89="","",IFERROR(S89/MAX(1,COUNTIFS(Assignments!$B:$B,A89,Assignments!$D:$D,">="&TODAY()-30)),"")) | V89: =IF(A89="","",T89-S89)
J90: =IF($A90="","",IFERROR(AVERAGEIFS(Assignments!$N$6:$N$1000,Assignments!$B$6:$B$1000,$A90,Assignments!$E$6:$E$1000,"Completed"),"")) | K90: =IF(A90="","",IFERROR(AVERAGEIFS(Assignments!$AO:$AO,Assignments!$B:$B,A90,Assignments!$E:$E,"Completed"),"")) | L90: =IF($A90="","",IFERROR(COUNTIFS(Assignments!$B$6:$B$1000,$A90,Assignments!$E$6:$E$1000,"Cancelled")/MAX(1,COUNTIFS(Assignments!$B$6:$B$1000,$A90,Assignments!$E$6:$E$1000,"Completed")+COUNTIFS(Assignments!$B$6:$B$1000,$A90,Assignments!$E$6:$E$1000,"Cancelled")),"")) | M90: =IF($A90="","",IFERROR(AVERAGEIFS(Assignments!$P$6:$P$1000,Assignments!$B$6:$B$1000,$A90,Assignments!$E$6:$E$1000,"Completed"),"")) | P90: =IF(A90="","",MAX(0,MIN(3,SUMIFS(Strike_Log!$C:$C,Strike_Log!$B:$B,A90,Strike_Log!$A:$A,">="&IF(Config!$B$1004="Y",TODAY()-Config!$B$1005,DATE(1900,1,1)),Strike_Log!$I:$I,1)))) | Q90: =IF(P90="",0,CHOOSE(MIN(3,MAX(0,P90))+1,0,0.03,0.07,0.2)) -> 0 | R90: =IF(A90="","",IFERROR(AVERAGEIFS(Assignments!$J:$J,Assignments!$B:$B,A90,Assignments!$E:$E,"Completed"),"")) | S90: =IF(A90="","",COUNTIFS(Assignments!$B:$B,A90,Assignments!$AE:$AE, "Y",Assignments!$D:$D,">="&TODAY()-30)) | T90: =IF(A90="","",COUNTIFS(Assignments!$AF:$AF,A90,Assignments!$AE:$AE, "Y",Assignments!$D:$D,">="&TODAY()-30)) | U90: =IF(A90="","",IFERROR(S90/MAX(1,COUNTIFS(Assignments!$B:$B,A90,Assignments!$D:$D,">="&TODAY()-30)),"")) | V90: =IF(A90="","",T90-S90)
J91: =IF($A91="","",IFERROR(AVERAGEIFS(Assignments!$N$6:$N$1000,Assignments!$B$6:$B$1000,$A91,Assignments!$E$6:$E$1000,"Completed"),"")) | K91: =IF(A91="","",IFERROR(AVERAGEIFS(Assignments!$AO:$AO,Assignments!$B:$B,A91,Assignments!$E:$E,"Completed"),"")) | L91: =IF($A91="","",IFERROR(COUNTIFS(Assignments!$B$6:$B$1000,$A91,Assignments!$E$6:$E$1000,"Cancelled")/MAX(1,COUNTIFS(Assignments!$B$6:$B$1000,$A91,Assignments!$E$6:$E$1000,"Completed")+COUNTIFS(Assignments!$B$6:$B$1000,$A91,Assignments!$E$6:$E$1000,"Cancelled")),"")) | M91: =IF($A91="","",IFERROR(AVERAGEIFS(Assignments!$P$6:$P$1000,Assignments!$B$6:$B$1000,$A91,Assignments!$E$6:$E$1000,"Completed"),"")) | P91: =IF(A91="","",MAX(0,MIN(3,SUMIFS(Strike_Log!$C:$C,Strike_Log!$B:$B,A91,Strike_Log!$A:$A,">="&IF(Config!$B$1004="Y",TODAY()-Config!$B$1005,DATE(1900,1,1)),Strike_Log!$I:$I,1)))) | Q91: =IF(P91="",0,CHOOSE(MIN(3,MAX(0,P91))+1,0,0.03,0.07,0.2)) -> 0 | R91: =IF(A91="","",IFERROR(AVERAGEIFS(Assignments!$J:$J,Assignments!$B:$B,A91,Assignments!$E:$E,"Completed"),"")) | S91: =IF(A91="","",COUNTIFS(Assignments!$B:$B,A91,Assignments!$AE:$AE, "Y",Assignments!$D:$D,">="&TODAY()-30)) | T91: =IF(A91="","",COUNTIFS(Assignments!$AF:$AF,A91,Assignments!$AE:$AE, "Y",Assignments!$D:$D,">="&TODAY()-30)) | U91: =IF(A91="","",IFERROR(S91/MAX(1,COUNTIFS(Assignments!$B:$B,A91,Assignments!$D:$D,">="&TODAY()-30)),"")) | V91: =IF(A91="","",T91-S91)
J92: =IF($A92="","",IFERROR(AVERAGEIFS(Assignments!$N$6:$N$1000,Assignments!$B$6:$B$1000,$A92,Assignments!$E$6:$E$1000,"Completed"),"")) | K92: =IF(A92="","",IFERROR(AVERAGEIFS(Assignments!$AO:$AO,Assignments!$B:$B,A92,Assignments!$E:$E,"Completed"),"")) | L92: =IF($A92="","",IFERROR(COUNTIFS(Assignments!$B$6:$B$1000,$A92,Assignments!$E$6:$E$1000,"Cancelled")/MAX(1,COUNTIFS(Assignments!$B$6:$B$1000,$A92,Assignments!$E$6:$E$1000,"Completed")+COUNTIFS(Assignments!$B$6:$B$1000,$A92,Assignments!$E$6:$E$1000,"Cancelled")),"")) | M92: =IF($A92="","",IFERROR(AVERAGEIFS(Assignments!$P$6:$P$1000,Assignments!$B$6:$B$1000,$A92,Assignments!$E$6:$E$1000,"Completed"),"")) | P92: =IF(A92="","",MAX(0,MIN(3,SUMIFS(Strike_Log!$C:$C,Strike_Log!$B:$B,A92,Strike_Log!$A:$A,">="&IF(Config!$B$1004="Y",TODAY()-Config!$B$1005,DATE(1900,1,1)),Strike_Log!$I:$I,1)))) | Q92: =IF(P92="",0,CHOOSE(MIN(3,MAX(0,P92))+1,0,0.03,0.07,0.2)) -> 0 | R92: =IF(A92="","",IFERROR(AVERAGEIFS(Assignments!$J:$J,Assignments!$B:$B,A92,Assignments!$E:$E,"Completed"),"")) | S92: =IF(A92="","",COUNTIFS(Assignments!$B:$B,A92,Assignments!$AE:$AE, "Y",Assignments!$D:$D,">="&TODAY()-30)) | T92: =IF(A92="","",COUNTIFS(Assignments!$AF:$AF,A92,Assignments!$AE:$AE, "Y",Assignments!$D:$D,">="&TODAY()-30)) | U92: =IF(A92="","",IFERROR(S92/MAX(1,COUNTIFS(Assignments!$B:$B,A92,Assignments!$D:$D,">="&TODAY()-30)),"")) | V92: =IF(A92="","",T92-S92)
J93: =IF($A93="","",IFERROR(AVERAGEIFS(Assignments!$N$6:$N$1000,Assignments!$B$6:$B$1000,$A93,Assignments!$E$6:$E$1000,"Completed"),"")) | K93: =IF(A93="","",IFERROR(AVERAGEIFS(Assignments!$AO:$AO,Assignments!$B:$B,A93,Assignments!$E:$E,"Completed"),"")) | L93: =IF($A93="","",IFERROR(COUNTIFS(Assignments!$B$6:$B$1000,$A93,Assignments!$E$6:$E$1000,"Cancelled")/MAX(1,COUNTIFS(Assignments!$B$6:$B$1000,$A93,Assignments!$E$6:$E$1000,"Completed")+COUNTIFS(Assignments!$B$6:$B$1000,$A93,Assignments!$E$6:$E$1000,"Cancelled")),"")) | M93: =IF($A93="","",IFERROR(AVERAGEIFS(Assignments!$P$6:$P$1000,Assignments!$B$6:$B$1000,$A93,Assignments!$E$6:$E$1000,"Completed"),"")) | P93: =IF(A93="","",MAX(0,MIN(3,SUMIFS(Strike_Log!$C:$C,Strike_Log!$B:$B,A93,Strike_Log!$A:$A,">="&IF(Config!$B$1004="Y",TODAY()-Config!$B$1005,DATE(1900,1,1)),Strike_Log!$I:$I,1)))) | Q93: =IF(P93="",0,CHOOSE(MIN(3,MAX(0,P93))+1,0,0.03,0.07,0.2)) -> 0 | R93: =IF(A93="","",IFERROR(AVERAGEIFS(Assignments!$J:$J,Assignments!$B:$B,A93,Assignments!$E:$E,"Completed"),"")) | S93: =IF(A93="","",COUNTIFS(Assignments!$B:$B,A93,Assignments!$AE:$AE, "Y",Assignments!$D:$D,">="&TODAY()-30)) | T93: =IF(A93="","",COUNTIFS(Assignments!$AF:$AF,A93,Assignments!$AE:$AE, "Y",Assignments!$D:$D,">="&TODAY()-30)) | U93: =IF(A93="","",IFERROR(S93/MAX(1,COUNTIFS(Assignments!$B:$B,A93,Assignments!$D:$D,">="&TODAY()-30)),"")) | V93: =IF(A93="","",T93-S93)
... J497: =IF($A497="","",IFERROR(AVERAGEIFS(Assignments!$N$6:$N$1000,Assignments!$B$6:$B$1000,$A497,Assignments!$E$6:$E$1000,"Completed"),"")) | K497: =IF(A497="","",IFERROR(AVERAGEIFS(Assignments!$AO:$AO,Assignments!$B:$B,A497,Assignments!$E:$E,"Completed"),"")) | L497: =IF($A497="","",IFERROR(COUNTIFS(Assignments!$B$6:$B$1000,$A497,Assignments!$E$6:$E$1000,"Cancelled")/MAX(1,COUNTIFS(Assignments!$B$6:$B$1000,$A497,Assignments!$E$6:$E$1000,"Completed")+COUNTIFS(Assignments!$B$6:$B$1000,$A497,Assignments!$E$6:$E$1000,"Cancelled")),"")) | M497: =IF($A497="","",IFERROR(AVERAGEIFS(Assignments!$P$6:$P$1000,Assignments!$B$6:$B$1000,$A497,Assignments!$E$6:$E$1000,"Completed"),"")) | P497: =IF(A497="","",MAX(0,MIN(3,SUMIFS(Strike_Log!$C:$C,Strike_Log!$B:$B,A497,Strike_Log!$A:$A,">="&IF(Config!$B$1004="Y",TODAY()-Config!$B$1005,DATE(1900,1,1)),Strike_Log!$I:$I,1)))) | Q497: =IF(P497="",0,CHOOSE(MIN(3,MAX(0,P497))+1,0,0.03,0.07,0.2)) -> 0 | R497: =IF(A497="","",IFERROR(AVERAGEIFS(Assignments!$J:$J,Assignments!$B:$B,A497,Assignments!$E:$E,"Completed"),"")) | S497: =IF(A497="","",COUNTIFS(Assignments!$B:$B,A497,Assignments!$AE:$AE, "Y",Assignments!$D:$D,">="&TODAY()-30)) | T497: =IF(A497="","",COUNTIFS(Assignments!$AF:$AF,A497,Assignments!$AE:$AE, "Y",Assignments!$D:$D,">="&TODAY()-30)) | U497: =IF(A497="","",IFERROR(S497/MAX(1,COUNTIFS(Assignments!$B:$B,A497,Assignments!$D:$D,">="&TODAY()-30)),"")) | V497: =IF(A497="","",T497-S497)
K498: =IF(A498="","",IFERROR(AVERAGEIFS(Assignments!$AO:$AO,Assignments!$B:$B,A498,Assignments!$E:$E,"Completed"),"")) | P498: =IF(A498="","",MAX(0,MIN(3,SUMIFS(Strike_Log!$C:$C,Strike_Log!$B:$B,A498,Strike_Log!$A:$A,">="&IF(Config!$B$1004="Y",TODAY()-Config!$B$1005,DATE(1900,1,1)),Strike_Log!$I:$I,1)))) | Q498: =IF(P498="",0,CHOOSE(MIN(3,MAX(0,P498))+1,0,0.03,0.07,0.2)) -> 0 | R498: =IF(A498="","",IFERROR(AVERAGEIFS(Assignments!$J:$J,Assignments!$B:$B,A498,Assignments!$E:$E,"Completed"),"")) | S498: =IF(A498="","",COUNTIFS(Assignments!$B:$B,A498,Assignments!$AE:$AE, "Y",Assignments!$D:$D,">="&TODAY()-30)) | T498: =IF(A498="","",COUNTIFS(Assignments!$AF:$AF,A498,Assignments!$AE:$AE, "Y",Assignments!$D:$D,">="&TODAY()-30)) | U498: =IF(A498="","",IFERROR(S498/MAX(1,COUNTIFS(Assignments!$B:$B,A498,Assignments!$D:$D,">="&TODAY()-30)),"")) | V498: =IF(A498="","",T498-S498)
K499: =IF(A499="","",IFERROR(AVERAGEIFS(Assignments!$AO:$AO,Assignments!$B:$B,A499,Assignments!$E:$E,"Completed"),"")) | P499: =IF(A499="","",MAX(0,MIN(3,SUMIFS(Strike_Log!$C:$C,Strike_Log!$B:$B,A499,Strike_Log!$A:$A,">="&IF(Config!$B$1004="Y",TODAY()-Config!$B$1005,DATE(1900,1,1)),Strike_Log!$I:$I,1)))) | Q499: =IF(P499="",0,CHOOSE(MIN(3,MAX(0,P499))+1,0,0.03,0.07,0.2)) -> 0 | R499: =IF(A499="","",IFERROR(AVERAGEIFS(Assignments!$J:$J,Assignments!$B:$B,A499,Assignments!$E:$E,"Completed"),"")) | S499: =IF(A499="","",COUNTIFS(Assignments!$B:$B,A499,Assignments!$AE:$AE, "Y",Assignments!$D:$D,">="&TODAY()-30)) | T499: =IF(A499="","",COUNTIFS(Assignments!$AF:$AF,A499,Assignments!$AE:$AE, "Y",Assignments!$D:$D,">="&TODAY()-30)) | U499: =IF(A499="","",IFERROR(S499/MAX(1,COUNTIFS(Assignments!$B:$B,A499,Assignments!$D:$D,">="&TODAY()-30)),"")) | V499: =IF(A499="","",T499-S499)
K500: =IF(A500="","",IFERROR(AVERAGEIFS(Assignments!$AO:$AO,Assignments!$B:$B,A500,Assignments!$E:$E,"Completed"),"")) | P500: =IF(A500="","",MAX(0,MIN(3,SUMIFS(Strike_Log!$C:$C,Strike_Log!$B:$B,A500,Strike_Log!$A:$A,">="&IF(Config!$B$1004="Y",TODAY()-Config!$B$1005,DATE(1900,1,1)),Strike_Log!$I:$I,1)))) | Q500: =IF(P500="",0,CHOOSE(MIN(3,MAX(0,P500))+1,0,0.03,0.07,0.2)) -> 0 | R500: =IF(A500="","",IFERROR(AVERAGEIFS(Assignments!$J:$J,Assignments!$B:$B,A500,Assignments!$E:$E,"Completed"),"")) | S500: =IF(A500="","",COUNTIFS(Assignments!$B:$B,A500,Assignments!$AE:$AE, "Y",Assignments!$D:$D,">="&TODAY()-30)) | T500: =IF(A500="","",COUNTIFS(Assignments!$AF:$AF,A500,Assignments!$AE:$AE, "Y",Assignments!$D:$D,">="&TODAY()-30)) | U500: =IF(A500="","",IFERROR(S500/MAX(1,COUNTIFS(Assignments!$B:$B,A500,Assignments!$D:$D,">="&TODAY()-30)),"")) | V500: =IF(A500="","",T500-S500)
K501: =IF(A501="","",IFERROR(AVERAGEIFS(Assignments!$AO:$AO,Assignments!$B:$B,A501,Assignments!$E:$E,"Completed"),"")) | P501: =IF(A501="","",MAX(0,MIN(3,SUMIFS(Strike_Log!$C:$C,Strike_Log!$B:$B,A501,Strike_Log!$A:$A,">="&IF(Config!$B$1004="Y",TODAY()-Config!$B$1005,DATE(1900,1,1)),Strike_Log!$I:$I,1)))) | S501: =IF(A501="","",COUNTIFS(Assignments!$B:$B,A501,Assignments!$AE:$AE, "Y",Assignments!$D:$D,">="&TODAY()-30)) | T501: =IF(A501="","",COUNTIFS(Assignments!$AF:$AF,A501,Assignments!$AE:$AE, "Y",Assignments!$D:$D,">="&TODAY()-30)) | U501: =IF(A501="","",IFERROR(S501/MAX(1,COUNTIFS(Assignments!$B:$B,A501,Assignments!$D:$D,">="&TODAY()-30)),"")) | V501: =IF(A501="","",T501-S501)
K502: =IF(A502="","",IFERROR(AVERAGEIFS(Assignments!$AO:$AO,Assignments!$B:$B,A502,Assignments!$E:$E,"Completed"),"")) | P502: =IF(A502="","",MAX(0,MIN(3,SUMIFS(Strike_Log!$C:$C,Strike_Log!$B:$B,A502,Strike_Log!$A:$A,">="&IF(Config!$B$1004="Y",TODAY()-Config!$B$1005,DATE(1900,1,1)),Strike_Log!$I:$I,1)))) | S502: =IF(A502="","",COUNTIFS(Assignments!$B:$B,A502,Assignments!$AE:$AE, "Y",Assignments!$D:$D,">="&TODAY()-30)) | T502: =IF(A502="","",COUNTIFS(Assignments!$AF:$AF,A502,Assignments!$AE:$AE, "Y",Assignments!$D:$D,">="&TODAY()-30)) | U502: =IF(A502="","",IFERROR(S502/MAX(1,COUNTIFS(Assignments!$B:$B,A502,Assignments!$D:$D,">="&TODAY()-30)),"")) | V502: =IF(A502="","",T502-S502)
K503: =IF(A503="","",IFERROR(AVERAGEIFS(Assignments!$AO:$AO,Assignments!$B:$B,A503,Assignments!$E:$E,"Completed"),"")) | P503: =IF(A503="","",MAX(0,MIN(3,SUMIFS(Strike_Log!$C:$C,Strike_Log!$B:$B,A503,Strike_Log!$A:$A,">="&IF(Config!$B$1004="Y",TODAY()-Config!$B$1005,DATE(1900,1,1)),Strike_Log!$I:$I,1)))) | S503: =IF(A503="","",COUNTIFS(Assignments!$B:$B,A503,Assignments!$AE:$AE, "Y",Assignments!$D:$D,">="&TODAY()-30)) | T503: =IF(A503="","",COUNTIFS(Assignments!$AF:$AF,A503,Assignments!$AE:$AE, "Y",Assignments!$D:$D,">="&TODAY()-30)) | U503: =IF(A503="","",IFERROR(S503/MAX(1,COUNTIFS(Assignments!$B:$B,A503,Assignments!$D:$D,">="&TODAY()-30)),"")) | V503: =IF(A503="","",T503-S503)
K504: =IF(A504="","",IFERROR(AVERAGEIFS(Assignments!$AO:$AO,Assignments!$B:$B,A504,Assignments!$E:$E,"Completed"),"")) | P504: =IF(A504="","",MAX(0,MIN(3,SUMIFS(Strike_Log!$C:$C,Strike_Log!$B:$B,A504,Strike_Log!$A:$A,">="&IF(Config!$B$1004="Y",TODAY()-Config!$B$1005,DATE(1900,1,1)),Strike_Log!$I:$I,1)))) | S504: =IF(A504="","",COUNTIFS(Assignments!$B:$B,A504,Assignments!$AE:$AE, "Y",Assignments!$D:$D,">="&TODAY()-30)) | T504: =IF(A504="","",COUNTIFS(Assignments!$AF:$AF,A504,Assignments!$AE:$AE, "Y",Assignments!$D:$D,">="&TODAY()-30)) | U504: =IF(A504="","",IFERROR(S504/MAX(1,COUNTIFS(Assignments!$B:$B,A504,Assignments!$D:$D,">="&TODAY()-30)),"")) | V504: =IF(A504="","",T504-S504)
K505: =IF(A505="","",IFERROR(AVERAGEIFS(Assignments!$AO:$AO,Assignments!$B:$B,A505,Assignments!$E:$E,"Completed"),"")) | P505: =IF(A505="","",MAX(0,MIN(3,SUMIFS(Strike_Log!$C:$C,Strike_Log!$B:$B,A505,Strike_Log!$A:$A,">="&IF(Config!$B$1004="Y",TODAY()-Config!$B$1005,DATE(1900,1,1)),Strike_Log!$I:$I,1)))) | S505: =IF(A505="","",COUNTIFS(Assignments!$B:$B,A505,Assignments!$AE:$AE, "Y",Assignments!$D:$D,">="&TODAY()-30)) | T505: =IF(A505="","",COUNTIFS(Assignments!$AF:$AF,A505,Assignments!$AE:$AE, "Y",Assignments!$D:$D,">="&TODAY()-30)) | U505: =IF(A505="","",IFERROR(S505/MAX(1,COUNTIFS(Assignments!$B:$B,A505,Assignments!$D:$D,">="&TODAY()-30)),"")) | V505: =IF(A505="","",T505-S505)
K506: =IF(A506="","",IFERROR(AVERAGEIFS(Assignments!$AO:$AO,Assignments!$B:$B,A506,Assignments!$E:$E,"Completed"),"")) | P506: =IF(A506="","",MAX(0,MIN(3,SUMIFS(Strike_Log!$C:$C,Strike_Log!$B:$B,A506,Strike_Log!$A:$A,">="&IF(Config!$B$1004="Y",TODAY()-Config!$B$1005,DATE(1900,1,1)),Strike_Log!$I:$I,1)))) | S506: =IF(A506="","",COUNTIFS(Assignments!$B:$B,A506,Assignments!$AE:$AE, "Y",Assignments!$D:$D,">="&TODAY()-30)) | T506: =IF(A506="","",COUNTIFS(Assignments!$AF:$AF,A506,Assignments!$AE:$AE, "Y",Assignments!$D:$D,">="&TODAY()-30)) | U506: =IF(A506="","",IFERROR(S506/MAX(1,COUNTIFS(Assignments!$B:$B,A506,Assignments!$D:$D,">="&TODAY()-30)),"")) | V506: =IF(A506="","",T506-S506)
K507: =IF(A507="","",IFERROR(AVERAGEIFS(Assignments!$AO:$AO,Assignments!$B:$B,A507,Assignments!$E:$E,"Completed"),"")) | P507: =IF(A507="","",MAX(0,MIN(3,SUMIFS(Strike_Log!$C:$C,Strike_Log!$B:$B,A507,Strike_Log!$A:$A,">="&IF(Config!$B$1004="Y",TODAY()-Config!$B$1005,DATE(1900,1,1)),Strike_Log!$I:$I,1)))) | S507: =IF(A507="","",COUNTIFS(Assignments!$B:$B,A507,Assignments!$AE:$AE, "Y",Assignments!$D:$D,">="&TODAY()-30)) | T507: =IF(A507="","",COUNTIFS(Assignments!$AF:$AF,A507,Assignments!$AE:$AE, "Y",Assignments!$D:$D,">="&TODAY()-30)) | U507: =IF(A507="","",IFERROR(S507/MAX(1,COUNTIFS(Assignments!$B:$B,A507,Assignments!$D:$D,">="&TODAY()-30)),"")) | V507: =IF(A507="","",T507-S507)
K508: =IF(A508="","",IFERROR(AVERAGEIFS(Assignments!$AO:$AO,Assignments!$B:$B,A508,Assignments!$E:$E,"Completed"),"")) | P508: =IF(A508="","",MAX(0,MIN(3,SUMIFS(Strike_Log!$C:$C,Strike_Log!$B:$B,A508,Strike_Log!$A:$A,">="&IF(Config!$B$1004="Y",TODAY()-Config!$B$1005,DATE(1900,1,1)),Strike_Log!$I:$I,1)))) | S508: =IF(A508="","",COUNTIFS(Assignments!$B:$B,A508,Assignments!$AE:$AE, "Y",Assignments!$D:$D,">="&TODAY()-30)) | T508: =IF(A508="","",COUNTIFS(Assignments!$AF:$AF,A508,Assignments!$AE:$AE, "Y",Assignments!$D:$D,">="&TODAY()-30)) | U508: =IF(A508="","",IFERROR(S508/MAX(1,COUNTIFS(Assignments!$B:$B,A508,Assignments!$D:$D,">="&TODAY()-30)),"")) | V508: =IF(A508="","",T508-S508)
K509: =IF(A509="","",IFERROR(AVERAGEIFS(Assignments!$AO:$AO,Assignments!$B:$B,A509,Assignments!$E:$E,"Completed"),"")) | P509: =IF(A509="","",MAX(0,MIN(3,SUMIFS(Strike_Log!$C:$C,Strike_Log!$B:$B,A509,Strike_Log!$A:$A,">="&IF(Config!$B$1004="Y",TODAY()-Config!$B$1005,DATE(1900,1,1)),Strike_Log!$I:$I,1)))) | S509: =IF(A509="","",COUNTIFS(Assignments!$B:$B,A509,Assignments!$AE:$AE, "Y",Assignments!$D:$D,">="&TODAY()-30)) | T509: =IF(A509="","",COUNTIFS(Assignments!$AF:$AF,A509,Assignments!$AE:$AE, "Y",Assignments!$D:$D,">="&TODAY()-30)) | U509: =IF(A509="","",IFERROR(S509/MAX(1,COUNTIFS(Assignments!$B:$B,A509,Assignments!$D:$D,">="&TODAY()-30)),"")) | V509: =IF(A509="","",T509-S509)
K510: =IF(A510="","",IFERROR(AVERAGEIFS(Assignments!$AO:$AO,Assignments!$B:$B,A510,Assignments!$E:$E,"Completed"),"")) | P510: =IF(A510="","",MAX(0,MIN(3,SUMIFS(Strike_Log!$C:$C,Strike_Log!$B:$B,A510,Strike_Log!$A:$A,">="&IF(Config!$B$1004="Y",TODAY()-Config!$B$1005,DATE(1900,1,1)),Strike_Log!$I:$I,1)))) | S510: =IF(A510="","",COUNTIFS(Assignments!$B:$B,A510,Assignments!$AE:$AE, "Y",Assignments!$D:$D,">="&TODAY()-30)) | T510: =IF(A510="","",COUNTIFS(Assignments!$AF:$AF,A510,Assignments!$AE:$AE, "Y",Assignments!$D:$D,">="&TODAY()-30)) | U510: =IF(A510="","",IFERROR(S510/MAX(1,COUNTIFS(Assignments!$B:$B,A510,Assignments!$D:$D,">="&TODAY()-30)),"")) | V510: =IF(A510="","",T510-S510)
K511: =IF(A511="","",IFERROR(AVERAGEIFS(Assignments!$AO:$AO,Assignments!$B:$B,A511,Assignments!$E:$E,"Completed"),"")) | P511: =IF(A511="","",MAX(0,MIN(3,SUMIFS(Strike_Log!$C:$C,Strike_Log!$B:$B,A511,Strike_Log!$A:$A,">="&IF(Config!$B$1004="Y",TODAY()-Config!$B$1005,DATE(1900,1,1)),Strike_Log!$I:$I,1)))) | S511: =IF(A511="","",COUNTIFS(Assignments!$B:$B,A511,Assignments!$AE:$AE, "Y",Assignments!$D:$D,">="&TODAY()-30)) | T511: =IF(A511="","",COUNTIFS(Assignments!$AF:$AF,A511,Assignments!$AE:$AE, "Y",Assignments!$D:$D,">="&TODAY()-30)) | U511: =IF(A511="","",IFERROR(S511/MAX(1,COUNTIFS(Assignments!$B:$B,A511,Assignments!$D:$D,">="&TODAY()-30)),"")) | V511: =IF(A511="","",T511-S511)
K512: =IF(A512="","",IFERROR(AVERAGEIFS(Assignments!$AO:$AO,Assignments!$B:$B,A512,Assignments!$E:$E,"Completed"),"")) | P512: =IF(A512="","",MAX(0,MIN(3,SUMIFS(Strike_Log!$C:$C,Strike_Log!$B:$B,A512,Strike_Log!$A:$A,">="&IF(Config!$B$1004="Y",TODAY()-Config!$B$1005,DATE(1900,1,1)),Strike_Log!$I:$I,1)))) | S512: =IF(A512="","",COUNTIFS(Assignments!$B:$B,A512,Assignments!$AE:$AE, "Y",Assignments!$D:$D,">="&TODAY()-30)) | T512: =IF(A512="","",COUNTIFS(Assignments!$AF:$AF,A512,Assignments!$AE:$AE, "Y",Assignments!$D:$D,">="&TODAY()-30)) | U512: =IF(A512="","",IFERROR(S512/MAX(1,COUNTIFS(Assignments!$B:$B,A512,Assignments!$D:$D,">="&TODAY()-30)),"")) | V512: =IF(A512="","",T512-S512)
... K998: =IF(A998="","",IFERROR(AVERAGEIFS(Assignments!$AO:$AO,Assignments!$B:$B,A998,Assignments!$E:$E,"Completed"),"")) | P998: =IF(A998="","",MAX(0,MIN(3,SUMIFS(Strike_Log!$C:$C,Strike_Log!$B:$B,A998,Strike_Log!$A:$A,">="&IF(Config!$B$1004="Y",TODAY()-Config!$B$1005,DATE(1900,1,1)),Strike_Log!$I:$I,1)))) | S998: =IF(A998="","",COUNTIFS(Assignments!$B:$B,A998,Assignments!$AE:$AE, "Y",Assignments!$D:$D,">="&TODAY()-30)) | T998: =IF(A998="","",COUNTIFS(Assignments!$AF:$AF,A998,Assignments!$AE:$AE, "Y",Assignments!$D:$D,">="&TODAY()-30)) | U998: =IF(A998="","",IFERROR(S998/MAX(1,COUNTIFS(Assignments!$B:$B,A998,Assignments!$D:$D,">="&TODAY()-30)),"")) | V998: =IF(A998="","",T998-S998)

Sheet GrinderServices
A1: Grinder ↔ Service Eligibility
A3: Grinder | B3: Grinder ID | C3: Service | D3: Certified Level | E3: Active For Service (Y/N) | F3: Notes
A4: =Grinders!$B4 -> 7unds | B4: {=XLOOKUP($A4, Grinders!$B$4:$B998, Grinders!$A$4:$A998)} -> GRD-01 | C4: Rep Grinding ⚡, Badge Grinding 🎖️, Hot Zones 🔥, Build Specializations 🛠️, Lifetime Challenges 🏆, Plate Card Grinding 🃏, Bundle Order 🎁, Season Pass Grinding 🎫, Add-Ons ➕, Event Grinding 🏟️, VC Grinding 🪙 | D4: Standard | E4: Y
A5: =Grinders!$B5 -> 8fy1 | B5: {=XLOOKUP($A5, Grinders!$B$4:$B998, Grinders!$A$4:$A998)} -> GRD-02 | C5: Rep Grinding ⚡, Badge Grinding 🎖️, Hot Zones 🔥, Build Specializations 🛠️, Lifetime Challenges 🏆, Plate Card Grinding 🃏, Bundle Order 🎁, Season Pass Grinding 🎫, Add-Ons ➕, Event Grinding 🏟️ | D5: Standard | E5: Y
A6: =Grinders!$B6 -> ahdedazs | B6: {=XLOOKUP($A6, Grinders!$B$4:$B998, Grinders!$A$4:$A998)} -> GRD-03 | C6: Rep Grinding ⚡, Badge Grinding 🎖️, Hot Zones 🔥, Build Specializations 🛠️, Lifetime Challenges 🏆, Plate Card Grinding 🃏, Bundle Order 🎁, Season Pass Grinding 🎫, Add-Ons ➕, Event Grinding 🏟️ | D6: Standard | E6: Y
A7: =Grinders!$B7 -> andydpoy | B7: {=XLOOKUP($A7, Grinders!$B$4:$B998, Grinders!$A$4:$A998)} -> GRD-04 | C7: Rep Grinding ⚡, Badge Grinding 🎖️, Hot Zones 🔥, Build Specializations 🛠️, Lifetime Challenges 🏆, Plate Card Grinding 🃏, Bundle Order 🎁, Season Pass Grinding 🎫, Add-Ons ➕, Event Grinding 🏟️ | D7: Standard | E7: Y
A8: =Grinders!$B8 -> anklesreborn | B8: {=XLOOKUP($A8, Grinders!$B$4:$B998, Grinders!$A$4:$A998)} -> GRD-05 | C8: Rep Grinding ⚡, Badge Grinding 🎖️, Hot Zones 🔥, Build Specializations 🛠️, Lifetime Challenges 🏆, Plate Card Grinding 🃏, Bundle Order 🎁, Season Pass Grinding 🎫, Add-Ons ➕, Event Grinding 🏟️ | D8: Standard | E8: Y
A9: =Grinders!$B9 -> ant0513 | B9: {=XLOOKUP($A9, Grinders!$B$4:$B998, Grinders!$A$4:$A998)} -> GRD-06 | C9: Rep Grinding ⚡, Badge Grinding 🎖️, Hot Zones 🔥, Build Specializations 🛠️, Lifetime Challenges 🏆, Plate Card Grinding 🃏, Bundle Order 🎁, Season Pass Grinding 🎫, Add-Ons ➕, Event Grinding 🏟️ | D9: Standard | E9: Y
A10: =Grinders!$B10 -> asierxx | B10: {=XLOOKUP($A10, Grinders!$B$4:$B998, Grinders!$A$4:$A998)} -> GRD-07 | C10: Rep Grinding ⚡, Badge Grinding 🎖️, Hot Zones 🔥, Build Specializations 🛠️, Lifetime Challenges 🏆, Plate Card Grinding 🃏, Bundle Order 🎁, Season Pass Grinding 🎫, Add-Ons ➕, Event Grinding 🏟️ | D10: Standard | E10: Y
A11: =Grinders!$B11 -> bigt20011_ | B11: {=XLOOKUP($A11, Grinders!$B$4:$B998, Grinders!$A$4:$A998)} -> GRD-08 | C11: Rep Grinding ⚡, Badge Grinding 🎖️, Hot Zones 🔥, Build Specializations 🛠️, Lifetime Challenges 🏆, Plate Card Grinding 🃏, Bundle Order 🎁, Season Pass Grinding 🎫, Add-Ons ➕, Event Grinding 🏟️ | D11: Standard | E11: Y
A12: =Grinders!$B12 -> boards4238 | B12: {=XLOOKUP($A12, Grinders!$B$4:$B998, Grinders!$A$4:$A998)} -> GRD-09 | C12: Rep Grinding ⚡, Badge Grinding 🎖️, Hot Zones 🔥, Build Specializations 🛠️, Lifetime Challenges 🏆, Plate Card Grinding 🃏, Bundle Order 🎁, Season Pass Grinding 🎫, Add-Ons ➕, Event Grinding 🏟️ | D12: Standard | E12: Y
A13: =Grinders!$B13 -> bumped240hz | B13: {=XLOOKUP($A13, Grinders!$B$4:$B998, Grinders!$A$4:$A998)} -> GRD-10 | C13: Rep Grinding ⚡, Badge Grinding 🎖️, Hot Zones 🔥, Build Specializations 🛠️, Lifetime Challenges 🏆, Plate Card Grinding 🃏, Bundle Order 🎁, Season Pass Grinding 🎫, Add-Ons ➕, Event Grinding 🏟️ | D13: Standard | E13: Y
A14: =Grinders!$B14 -> bumpincombos | B14: {=XLOOKUP($A14, Grinders!$B$4:$B998, Grinders!$A$4:$A998)} -> GRD-11 | C14: Rep Grinding ⚡, Badge Grinding 🎖️, Hot Zones 🔥, Build Specializations 🛠️, Lifetime Challenges 🏆, Plate Card Grinding 🃏, Bundle Order 🎁, Season Pass Grinding 🎫, Add-Ons ➕, Event Grinding 🏟️ | D14: Standard | E14: Y
A15: =Grinders!$B15 -> cerhzn | B15: {=XLOOKUP($A15, Grinders!$B$4:$B998, Grinders!$A$4:$A998)} -> GRD-12 | C15: Rep Grinding ⚡, Badge Grinding 🎖️, Hot Zones 🔥, Build Specializations 🛠️, Lifetime Challenges 🏆, Plate Card Grinding 🃏, Bundle Order 🎁, Season Pass Grinding 🎫, Add-Ons ➕, Event Grinding 🏟️ | D15: Standard | E15: Y
A16: =Grinders!$B16 -> comptomuch | B16: {=XLOOKUP($A16, Grinders!$B$4:$B998, Grinders!$A$4:$A998)} -> GRD-13 | C16: Rep Grinding ⚡, Badge Grinding 🎖️, Hot Zones 🔥, Build Specializations 🛠️, Lifetime Challenges 🏆, Plate Card Grinding 🃏, Bundle Order 🎁, Season Pass Grinding 🎫, Add-Ons ➕, Event Grinding 🏟️ | D16: Standard | E16: Y
A17: =Grinders!$B17 -> crazyrunz | B17: {=XLOOKUP($A17, Grinders!$B$4:$B998, Grinders!$A$4:$A998)} -> GRD-14 | C17: Rep Grinding ⚡, Badge Grinding 🎖️, Hot Zones 🔥, Build Specializations 🛠️, Lifetime Challenges 🏆, Plate Card Grinding 🃏, Bundle Order 🎁, Season Pass Grinding 🎫, Add-Ons ➕, Event Grinding 🏟️ | D17: Standard | E17: Y
A18: =Grinders!$B18 -> darts.7 | B18: {=XLOOKUP($A18, Grinders!$B$4:$B998, Grinders!$A$4:$A998)} -> GRD-15 | C18: Rep Grinding ⚡, Badge Grinding 🎖️, Hot Zones 🔥, Build Specializations 🛠️, Lifetime Challenges 🏆, Plate Card Grinding 🃏, Bundle Order 🎁, Season Pass Grinding 🎫, Add-Ons ➕, Event Grinding 🏟️ | D18: Standard | E18: Y
A19: =Grinders!$B19 -> 773tc | B19: {=XLOOKUP($A19, Grinders!$B$4:$B998, Grinders!$A$4:$A998)} -> GRD-16 | C19: Rep Grinding ⚡, Badge Grinding 🎖️, Hot Zones 🔥, Build Specializations 🛠️, Lifetime Challenges 🏆, Plate Card Grinding 🃏, Bundle Order 🎁, Season Pass Grinding 🎫, Add-Ons ➕, Event Grinding 🏟️ | D19: Standard | E19: Y
A20: =Grinders!$B20 -> drew___x | B20: {=XLOOKUP($A20, Grinders!$B$4:$B998, Grinders!$A$4:$A998)} -> GRD-17 | C20: Rep Grinding ⚡, Badge Grinding 🎖️, Hot Zones 🔥, Build Specializations 🛠️, Lifetime Challenges 🏆, Plate Card Grinding 🃏, Bundle Order 🎁, Season Pass Grinding 🎫, Add-Ons ➕, Event Grinding 🏟️ | D20: Standard | E20: Y
A21: =Grinders!$B21 -> drilluh__ | B21: {=XLOOKUP($A21, Grinders!$B$4:$B998, Grinders!$A$4:$A998)} -> GRD-18 | C21: Rep Grinding ⚡, Badge Grinding 🎖️, Hot Zones 🔥, Build Specializations 🛠️, Lifetime Challenges 🏆, Plate Card Grinding 🃏, Bundle Order 🎁, Season Pass Grinding 🎫, Add-Ons ➕, Event Grinding 🏟️ | D21: Standard | E21: Y
A22: =Grinders!$B22 -> earns2490 | B22: {=XLOOKUP($A22, Grinders!$B$4:$B998, Grinders!$A$4:$A998)} -> GRD-19 | C22: Rep Grinding ⚡, Badge Grinding 🎖️, Hot Zones 🔥, Build Specializations 🛠️, Lifetime Challenges 🏆, Plate Card Grinding 🃏, Bundle Order 🎁, Season Pass Grinding 🎫, Add-Ons ➕, Event Grinding 🏟️ | D22: Standard | E22: Y
A23: =Grinders!$B23 -> egotito | B23: {=XLOOKUP($A23, Grinders!$B$4:$B998, Grinders!$A$4:$A998)} -> GRD-20 | C23: Rep Grinding ⚡, Badge Grinding 🎖️, Hot Zones 🔥, Build Specializations 🛠️, Lifetime Challenges 🏆, Plate Card Grinding 🃏, Bundle Order 🎁, Season Pass Grinding 🎫, Add-Ons ➕, Event Grinding 🏟️ | D23: Standard | E23: Y
A24: =Grinders!$B24 -> flyestt | B24: {=XLOOKUP($A24, Grinders!$B$4:$B998, Grinders!$A$4:$A998)} -> GRD-21 | C24: Rep Grinding ⚡, Badge Grinding 🎖️, Hot Zones 🔥, Build Specializations 🛠️, Lifetime Challenges 🏆, Plate Card Grinding 🃏, Bundle Order 🎁, Season Pass Grinding 🎫, Add-Ons ➕, Event Grinding 🏟️ | D24: Standard | E24: Y
A25: =Grinders!$B25 -> freeblessedtv | B25: {=XLOOKUP($A25, Grinders!$B$4:$B998, Grinders!$A$4:$A998)} -> GRD-22 | C25: Rep Grinding ⚡, Badge Grinding 🎖️, Hot Zones 🔥, Build Specializations 🛠️, Lifetime Challenges 🏆, Plate Card Grinding 🃏, Bundle Order 🎁, Season Pass Grinding 🎫, Add-Ons ➕, Event Grinding 🏟️ | D25: Standard | E25: Y
A26: =Grinders!$B26 -> gamblynnn | B26: {=XLOOKUP($A26, Grinders!$B$4:$B998, Grinders!$A$4:$A998)} -> GRD-23 | C26: Rep Grinding ⚡, Badge Grinding 🎖️, Hot Zones 🔥, Build Specializations 🛠️, Lifetime Challenges 🏆, Plate Card Grinding 🃏, Bundle Order 🎁, Season Pass Grinding 🎫, Add-Ons ➕, Event Grinding 🏟️ | D26: Standard | E26: Y
A27: =Grinders!$B27 -> gannon4868 | B27: {=XLOOKUP($A27, Grinders!$B$4:$B998, Grinders!$A$4:$A998)} -> GRD-24 | C27: Rep Grinding ⚡, Badge Grinding 🎖️, Hot Zones 🔥, Build Specializations 🛠️, Lifetime Challenges 🏆, Plate Card Grinding 🃏, Bundle Order 🎁, Season Pass Grinding 🎫, Add-Ons ➕, Event Grinding 🏟️ | D27: Standard | E27: Y
A28: =Grinders!$B28 -> gexism | B28: {=XLOOKUP($A28, Grinders!$B$4:$B998, Grinders!$A$4:$A998)} -> GRD-25 | C28: Rep Grinding ⚡, Badge Grinding 🎖️, Hot Zones 🔥, Build Specializations 🛠️, Lifetime Challenges 🏆, Plate Card Grinding 🃏, Bundle Order 🎁, Season Pass Grinding 🎫, Add-Ons ➕, Event Grinding 🏟️ | D28: Standard | E28: Y
A29: =Grinders!$B29 -> gxufy | B29: {=XLOOKUP($A29, Grinders!$B$4:$B998, Grinders!$A$4:$A998)} -> GRD-26 | C29: Rep Grinding ⚡, Badge Grinding 🎖️, Hot Zones 🔥, Build Specializations 🛠️, Lifetime Challenges 🏆, Plate Card Grinding 🃏, Bundle Order 🎁, Season Pass Grinding 🎫, Add-Ons ➕, Event Grinding 🏟️ | D29: Standard | E29: Y
A30: =Grinders!$B30 -> hemisssometimes | B30: {=XLOOKUP($A30, Grinders!$B$4:$B998, Grinders!$A$4:$A998)} -> GRD-27 | C30: Rep Grinding ⚡, Badge Grinding 🎖️, Hot Zones 🔥, Build Specializations 🛠️, Lifetime Challenges 🏆, Plate Card Grinding 🃏, Bundle Order 🎁, Season Pass Grinding 🎫, Add-Ons ➕, Event Grinding 🏟️ | D30: Standard | E30: Y
A31: =Grinders!$B31 -> homiekirk | B31: {=XLOOKUP($A31, Grinders!$B$4:$B998, Grinders!$A$4:$A998)} -> GRD-28 | C31: Rep Grinding ⚡, Badge Grinding 🎖️, Hot Zones 🔥, Build Specializations 🛠️, Lifetime Challenges 🏆, Plate Card Grinding 🃏, Bundle Order 🎁, Season Pass Grinding 🎫, Add-Ons ➕, Event Grinding 🏟️ | D31: Standard | E31: Y
A32: =Grinders!$B32 -> hoop7663 | B32: {=XLOOKUP($A32, Grinders!$B$4:$B998, Grinders!$A$4:$A998)} -> GRD-29 | C32: Rep Grinding ⚡, Badge Grinding 🎖️, Hot Zones 🔥, Build Specializations 🛠️, Lifetime Challenges 🏆, Plate Card Grinding 🃏, Bundle Order 🎁, Season Pass Grinding 🎫, Add-Ons ➕, Event Grinding 🏟️ | D32: Standard | E32: Y
A33: =Grinders!$B33 -> iiirxpctiii | B33: {=XLOOKUP($A33, Grinders!$B$4:$B998, Grinders!$A$4:$A998)} -> GRD-30 | C33: Rep Grinding ⚡, Badge Grinding 🎖️, Hot Zones 🔥, Build Specializations 🛠️, Lifetime Challenges 🏆, Plate Card Grinding 🃏, Bundle Order 🎁, Season Pass Grinding 🎫, Add-Ons ➕, Event Grinding 🏟️ | D33: Standard | E33: Y
A34: =Grinders!$B34 -> plqytake | B34: {=XLOOKUP($A34, Grinders!$B$4:$B998, Grinders!$A$4:$A998)} -> GRD-31 | C34: Rep Grinding ⚡, Badge Grinding 🎖️, Hot Zones 🔥, Build Specializations 🛠️, Lifetime Challenges 🏆, Plate Card Grinding 🃏, Bundle Order 🎁, Season Pass Grinding 🎫, Add-Ons ➕, Event Grinding 🏟️ | D34: Standard | E34: Y
A35: =Grinders!$B35 -> jalen7985 | B35: {=XLOOKUP($A35, Grinders!$B$4:$B998, Grinders!$A$4:$A998)} -> GRD-32 | C35: Rep Grinding ⚡, Badge Grinding 🎖️, Hot Zones 🔥, Build Specializations 🛠️, Lifetime Challenges 🏆, Plate Card Grinding 🃏, Bundle Order 🎁, Season Pass Grinding 🎫, Add-Ons ➕, Event Grinding 🏟️ | D35: Standard | E35: Y
A36: =Grinders!$B36 -> jwrldx | B36: {=XLOOKUP($A36, Grinders!$B$4:$B998, Grinders!$A$4:$A998)} -> GRD-33 | C36: Rep Grinding ⚡, Badge Grinding 🎖️, Hot Zones 🔥, Build Specializations 🛠️, Lifetime Challenges 🏆, Plate Card Grinding 🃏, Bundle Order 🎁, Season Pass Grinding 🎫, Add-Ons ➕, Event Grinding 🏟️ | D36: Standard | E36: Y
A37: =Grinders!$B37 -> jitxx | B37: {=XLOOKUP($A37, Grinders!$B$4:$B998, Grinders!$A$4:$A998)} -> GRD-34 | C37: Rep Grinding ⚡, Badge Grinding 🎖️, Hot Zones 🔥, Build Specializations 🛠️, Lifetime Challenges 🏆, Plate Card Grinding 🃏, Bundle Order 🎁, Season Pass Grinding 🎫, Add-Ons ➕, Event Grinding 🏟️ | D37: Standard | E37: Y
A38: =Grinders!$B38 -> 768288 | B38: {=XLOOKUP($A38, Grinders!$B$4:$B998, Grinders!$A$4:$A998)} -> GRD-35 | C38: Rep Grinding ⚡, Badge Grinding 🎖️, Hot Zones 🔥, Build Specializations 🛠️, Lifetime Challenges 🏆, Plate Card Grinding 🃏, Bundle Order 🎁, Season Pass Grinding 🎫, Add-Ons ➕, Event Grinding 🏟️ | D38: Standard | E38: Y
A39: =Grinders!$B39 -> xoticashes | B39: {=XLOOKUP($A39, Grinders!$B$4:$B998, Grinders!$A$4:$A998)} -> GRD-36 | C39: Rep Grinding ⚡, Badge Grinding 🎖️, Hot Zones 🔥, Build Specializations 🛠️, Lifetime Challenges 🏆, Plate Card Grinding 🃏, Bundle Order 🎁, Season Pass Grinding 🎫, Add-Ons ➕, Event Grinding 🏟️ | D39: Standard | E39: Y
A40: =Grinders!$B40 -> kolioh | B40: {=XLOOKUP($A40, Grinders!$B$4:$B998, Grinders!$A$4:$A998)} -> GRD-37 | C40: Rep Grinding ⚡, Badge Grinding 🎖️, Hot Zones 🔥, Build Specializations 🛠️, Lifetime Challenges 🏆, Plate Card Grinding 🃏, Bundle Order 🎁, Season Pass Grinding 🎫, Add-Ons ➕, Event Grinding 🏟️ | D40: Standard | E40: Y
A41: =Grinders!$B41 -> korean_zombiie | B41: {=XLOOKUP($A41, Grinders!$B$4:$B998, Grinders!$A$4:$A998)} -> GRD-38 | C41: Rep Grinding ⚡, Badge Grinding 🎖️, Hot Zones 🔥, Build Specializations 🛠️, Lifetime Challenges 🏆, Plate Card Grinding 🃏, Bundle Order 🎁, Season Pass Grinding 🎫, Add-Ons ➕, Event Grinding 🏟️ | D41: Standard | E41: Y
A42: =Grinders!$B42 -> savage_telly | B42: {=XLOOKUP($A42, Grinders!$B$4:$B998, Grinders!$A$4:$A998)} -> GRD-39 | C42: Rep Grinding ⚡, Badge Grinding 🎖️, Hot Zones 🔥, Build Specializations 🛠️, Lifetime Challenges 🏆, Plate Card Grinding 🃏, Bundle Order 🎁, Season Pass Grinding 🎫, Add-Ons ➕, Event Grinding 🏟️ | D42: Standard | E42: Y
A43: =Grinders!$B43 -> notravelcalls | B43: {=XLOOKUP($A43, Grinders!$B$4:$B998, Grinders!$A$4:$A998)} -> GRD-40 | C43: Rep Grinding ⚡, Badge Grinding 🎖️, Hot Zones 🔥, Build Specializations 🛠️, Lifetime Challenges 🏆, Plate Card Grinding 🃏, Bundle Order 🎁, Season Pass Grinding 🎫, Add-Ons ➕, Event Grinding 🏟️ | D43: Standard | E43: Y
A44: =Grinders!$B44 -> rookietolegend | B44: {=XLOOKUP($A44, Grinders!$B$4:$B998, Grinders!$A$4:$A998)} -> GRD-41 | C44: Rep Grinding ⚡, Badge Grinding 🎖️, Hot Zones 🔥, Build Specializations 🛠️, Lifetime Challenges 🏆, Plate Card Grinding 🃏, Bundle Order 🎁, Season Pass Grinding 🎫, Add-Ons ➕, Event Grinding 🏟️ | D44: Standard | E44: Y
A45: =Grinders!$B45 -> nxsty4487 | B45: {=XLOOKUP($A45, Grinders!$B$4:$B998, Grinders!$A$4:$A998)} -> GRD-42 | C45: Rep Grinding ⚡, Badge Grinding 🎖️, Hot Zones 🔥, Build Specializations 🛠️, Lifetime Challenges 🏆, Plate Card Grinding 🃏, Bundle Order 🎁, Season Pass Grinding 🎫, Add-Ons ➕, Event Grinding 🏟️ | D45: Standard | E45: Y
A46: =Grinders!$B46 -> idk566784 | B46: {=XLOOKUP($A46, Grinders!$B$4:$B998, Grinders!$A$4:$A998)} -> GRD-43 | C46: Rep Grinding ⚡, Badge Grinding 🎖️, Hot Zones 🔥, Build Specializations 🛠️, Lifetime Challenges 🏆, Plate Card Grinding 🃏, Bundle Order 🎁, Season Pass Grinding 🎫, Add-Ons ➕, Event Grinding 🏟️ | D46: Standard | E46: Y
A47: =Grinders!$B47 -> plqckss | B47: {=XLOOKUP($A47, Grinders!$B$4:$B998, Grinders!$A$4:$A998)} -> GRD-44 | C47: Rep Grinding ⚡, Badge Grinding 🎖️, Hot Zones 🔥, Build Specializations 🛠️, Lifetime Challenges 🏆, Plate Card Grinding 🃏, Bundle Order 🎁, Season Pass Grinding 🎫, Add-Ons ➕, Event Grinding 🏟️ | D47: Standard | E47: Y
A48: =Grinders!$B48 -> poprevails | B48: {=XLOOKUP($A48, Grinders!$B$4:$B998, Grinders!$A$4:$A998)} -> GRD-45 | C48: Rep Grinding ⚡, Badge Grinding 🎖️, Hot Zones 🔥, Build Specializations 🛠️, Lifetime Challenges 🏆, Plate Card Grinding 🃏, Bundle Order 🎁, Season Pass Grinding 🎫, Add-Ons ➕, Event Grinding 🏟️ | D48: Standard | E48: Y
A49: =Grinders!$B49 -> pro5153 | B49: {=XLOOKUP($A49, Grinders!$B$4:$B998, Grinders!$A$4:$A998)} -> GRD-46 | C49: Rep Grinding ⚡, Badge Grinding 🎖️, Hot Zones 🔥, Build Specializations 🛠️, Lifetime Challenges 🏆, Plate Card Grinding 🃏, Bundle Order 🎁, Season Pass Grinding 🎫, Add-Ons ➕, Event Grinding 🏟️ | D49: Standard | E49: Y
A50: =Grinders!$B50 -> provoke. | B50: {=XLOOKUP($A50, Grinders!$B$4:$B998, Grinders!$A$4:$A998)} -> GRD-47 | C50: Rep Grinding ⚡, Badge Grinding 🎖️, Hot Zones 🔥, Build Specializations 🛠️, Lifetime Challenges 🏆, Plate Card Grinding 🃏, Bundle Order 🎁, Season Pass Grinding 🎫, Add-Ons ➕, Event Grinding 🏟️ | D50: Standard | E50: Y
A51: =Grinders!$B51 -> qixoan | B51: {=XLOOKUP($A51, Grinders!$B$4:$B998, Grinders!$A$4:$A998)} -> GRD-48 | C51: Rep Grinding ⚡, Badge Grinding 🎖️, Hot Zones 🔥, Build Specializations 🛠️, Lifetime Challenges 🏆, Plate Card Grinding 🃏, Bundle Order 🎁, Season Pass Grinding 🎫, Add-Ons ➕, Event Grinding 🏟️ | D51: Standard | E51: Y
A52: =Grinders!$B52 -> quickslippp | B52: {=XLOOKUP($A52, Grinders!$B$4:$B998, Grinders!$A$4:$A998)} -> GRD-49 | C52: Rep Grinding ⚡, Badge Grinding 🎖️, Hot Zones 🔥, Build Specializations 🛠️, Lifetime Challenges 🏆, Plate Card Grinding 🃏, Bundle Order 🎁, Season Pass Grinding 🎫, Add-Ons ➕, Event Grinding 🏟️ | D52: Standard | E52: Y
A53: =Grinders!$B53 -> nodaysoffgrinder | B53: {=XLOOKUP($A53, Grinders!$B$4:$B998, Grinders!$A$4:$A998)} -> GRD-50 | C53: Rep Grinding ⚡, Badge Grinding 🎖️, Hot Zones 🔥, Build Specializations 🛠️, Lifetime Challenges 🏆, Plate Card Grinding 🃏, Bundle Order 🎁, Season Pass Grinding 🎫, Add-Ons ➕, Event Grinding 🏟️ | D53: Standard | E53: Y
A54: =Grinders!$B54 -> xorula | B54: {=XLOOKUP($A54, Grinders!$B$4:$B998, Grinders!$A$4:$A998)} -> GRD-51 | C54: Rep Grinding ⚡, Badge Grinding 🎖️, Hot Zones 🔥, Build Specializations 🛠️, Lifetime Challenges 🏆, Plate Card Grinding 🃏, Bundle Order 🎁, Season Pass Grinding 🎫, Add-Ons ➕, Event Grinding 🏟️ | D54: Standard | E54: Y
A55: =Grinders!$B55 -> plibert | B55: {=XLOOKUP($A55, Grinders!$B$4:$B998, Grinders!$A$4:$A998)} -> GRD-52 | C55: Rep Grinding ⚡, Badge Grinding 🎖️, Hot Zones 🔥, Build Specializations 🛠️, Lifetime Challenges 🏆, Plate Card Grinding 🃏, Bundle Order 🎁, Season Pass Grinding 🎫, Add-Ons ➕, Event Grinding 🏟️ | D55: Standard | E55: Y
A56: =Grinders!$B56 -> stayrdr | B56: {=XLOOKUP($A56, Grinders!$B$4:$B998, Grinders!$A$4:$A998)} -> GRD-53 | C56: Rep Grinding ⚡, Badge Grinding 🎖️, Hot Zones 🔥, Build Specializations 🛠️, Lifetime Challenges 🏆, Plate Card Grinding 🃏, Bundle Order 🎁, Season Pass Grinding 🎫, Add-Ons ➕, Event Grinding 🏟️ | D56: Standard | E56: Y
A57: =Grinders!$B57 -> llturboll | B57: {=XLOOKUP($A57, Grinders!$B$4:$B998, Grinders!$A$4:$A998)} -> GRD-54 | C57: Rep Grinding ⚡, Badge Grinding 🎖️, Hot Zones 🔥, Build Specializations 🛠️, Lifetime Challenges 🏆, Plate Card Grinding 🃏, Bundle Order 🎁, Season Pass Grinding 🎫, Add-Ons ➕, Event Grinding 🏟️ | D57: Standard | E57: Y
A58: =Grinders!$B58 -> teardagoat | B58: {=XLOOKUP($A58, Grinders!$B$4:$B998, Grinders!$A$4:$A998)} -> GRD-55 | C58: Rep Grinding ⚡, Badge Grinding 🎖️, Hot Zones 🔥, Build Specializations 🛠️, Lifetime Challenges 🏆, Plate Card Grinding 🃏, Bundle Order 🎁, Season Pass Grinding 🎫, Add-Ons ➕, Event Grinding 🏟️ | D58: Standard | E58: Y
A59: =Grinders!$B59 -> tengfg | B59: {=XLOOKUP($A59, Grinders!$B$4:$B998, Grinders!$A$4:$A998)} -> GRD-56 | C59: Rep Grinding ⚡, Badge Grinding 🎖️, Hot Zones 🔥, Build Specializations 🛠️, Lifetime Challenges 🏆, Plate Card Grinding 🃏, Bundle Order 🎁, Season Pass Grinding 🎫, Add-Ons ➕, Event Grinding 🏟️ | D59: Standard | E59: Y
A60: =Grinders!$B60 -> thanksevan | B60: {=XLOOKUP($A60, Grinders!$B$4:$B998, Grinders!$A$4:$A998)} -> GRD-57 | C60: Rep Grinding ⚡, Badge Grinding 🎖️, Hot Zones 🔥, Build Specializations 🛠️, Lifetime Challenges 🏆, Plate Card Grinding 🃏, Bundle Order 🎁, Season Pass Grinding 🎫, Add-Ons ➕, Event Grinding 🏟️ | D60: Standard | E60: Y
A61: =Grinders!$B61 -> tjack6291 | B61: {=XLOOKUP($A61, Grinders!$B$4:$B998, Grinders!$A$4:$A998)} -> GRD-58 | C61: Rep Grinding ⚡, Badge Grinding 🎖️, Hot Zones 🔥, Build Specializations 🛠️, Lifetime Challenges 🏆, Plate Card Grinding 🃏, Bundle Order 🎁, Season Pass Grinding 🎫, Add-Ons ➕, Event Grinding 🏟️ | D61: Standard | E61: Y
A62: =Grinders!$B62 -> twizz1of1 | B62: {=XLOOKUP($A62, Grinders!$B$4:$B998, Grinders!$A$4:$A998)} -> GRD-59 | C62: Rep Grinding ⚡, Badge Grinding 🎖️, Hot Zones 🔥, Build Specializations 🛠️, Lifetime Challenges 🏆, Plate Card Grinding 🃏, Bundle Order 🎁, Season Pass Grinding 🎫, Add-Ons ➕, Event Grinding 🏟️ | D62: Standard | E62: Y
A63: =Grinders!$B63 -> praisev6 | B63: {=XLOOKUP($A63, Grinders!$B$4:$B998, Grinders!$A$4:$A998)} -> GRD-60 | C63: Rep Grinding ⚡, Badge Grinding 🎖️, Hot Zones 🔥, Build Specializations 🛠️, Lifetime Challenges 🏆, Plate Card Grinding 🃏, Bundle Order 🎁, Season Pass Grinding 🎫, Add-Ons ➕, Event Grinding 🏟️ | D63: Standard | E63: Y
A64: =Grinders!$B64 -> llwocky | B64: {=XLOOKUP($A64, Grinders!$B$4:$B998, Grinders!$A$4:$A998)} -> GRD-61 | C64: Rep Grinding ⚡, Badge Grinding 🎖️, Hot Zones 🔥, Build Specializations 🛠️, Lifetime Challenges 🏆, Plate Card Grinding 🃏, Bundle Order 🎁, Season Pass Grinding 🎫, Add-Ons ➕, Event Grinding 🏟️ | D64: Standard | E64: Y
A65: =Grinders!$B65 -> iiwolvezii | B65: {=XLOOKUP($A65, Grinders!$B$4:$B998, Grinders!$A$4:$A998)} -> GRD-62 | C65: Rep Grinding ⚡, Badge Grinding 🎖️, Hot Zones 🔥, Build Specializations 🛠️, Lifetime Challenges 🏆, Plate Card Grinding 🃏, Bundle Order 🎁, Season Pass Grinding 🎫, Add-Ons ➕, Event Grinding 🏟️ | D65: Standard | E65: Y
A66: =Grinders!$B66 -> xwuco | B66: {=XLOOKUP($A66, Grinders!$B$4:$B998, Grinders!$A$4:$A998)} -> GRD-63 | C66: Rep Grinding ⚡, Badge Grinding 🎖️, Hot Zones 🔥, Build Specializations 🛠️, Lifetime Challenges 🏆, Plate Card Grinding 🃏, Bundle Order 🎁, Season Pass Grinding 🎫, Add-Ons ➕, Event Grinding 🏟️ | D66: Standard | E66: Y
A67: =Grinders!$B67 -> xenon0038 | B67: {=XLOOKUP($A67, Grinders!$B$4:$B998, Grinders!$A$4:$A998)} -> GRD-64 | C67: Rep Grinding ⚡, Badge Grinding 🎖️, Hot Zones 🔥, Build Specializations 🛠️, Lifetime Challenges 🏆, Plate Card Grinding 🃏, Bundle Order 🎁, Season Pass Grinding 🎫, Add-Ons ➕, Event Grinding 🏟️ | D67: Standard | E67: Y
A68: =Grinders!$B68 -> xlabgoat | B68: {=XLOOKUP($A68, Grinders!$B$4:$B998, Grinders!$A$4:$A998)} -> GRD-65 | C68: Rep Grinding ⚡, Badge Grinding 🎖️, Hot Zones 🔥, Build Specializations 🛠️, Lifetime Challenges 🏆, Plate Card Grinding 🃏, Bundle Order 🎁, Season Pass Grinding 🎫, Add-Ons ➕, Event Grinding 🏟️ | D68: Standard | E68: Y
A69: =Grinders!$B69 -> zb2kx | B69: {=XLOOKUP($A69, Grinders!$B$4:$B998, Grinders!$A$4:$A998)} -> GRD-66 | C69: Rep Grinding ⚡, Badge Grinding 🎖️, Hot Zones 🔥, Build Specializations 🛠️, Lifetime Challenges 🏆, Plate Card Grinding 🃏, Bundle Order 🎁, Season Pass Grinding 🎫, Add-Ons ➕, Event Grinding 🏟️ | D69: Standard | E69: Y
A70: =Grinders!$B70 -> jkrpt | B70: {=XLOOKUP($A70, Grinders!$B$4:$B998, Grinders!$A$4:$A998)} -> GRD-67 | C70: Rep Grinding ⚡, Badge Grinding 🎖️, Hot Zones 🔥, Build Specializations 🛠️, Lifetime Challenges 🏆, Plate Card Grinding 🃏, Bundle Order 🎁, Season Pass Grinding 🎫, Add-Ons ➕, Event Grinding 🏟️ | D70: Standard | E70: Y
A71: =Grinders!$B71 -> jumptv | B71: {=XLOOKUP($A71, Grinders!$B$4:$B998, Grinders!$A$4:$A998)} -> GRD-68 | C71: Rep Grinding ⚡, Badge Grinding 🎖️, Hot Zones 🔥, Build Specializations 🛠️, Lifetime Challenges 🏆, Plate Card Grinding 🃏, Bundle Order 🎁, Season Pass Grinding 🎫, Add-Ons ➕, Event Grinding 🏟️ | D71: Standard | E71: Y
A72: =Grinders!$B72 -> keemsx | B72: {=XLOOKUP($A72, Grinders!$B$4:$B998, Grinders!$A$4:$A998)} -> GRD-69 | C72: Rep Grinding ⚡, Badge Grinding 🎖️, Hot Zones 🔥, Build Specializations 🛠️, Lifetime Challenges 🏆, Plate Card Grinding 🃏, Bundle Order 🎁, Season Pass Grinding 🎫, Add-Ons ➕, Event Grinding 🏟️ | D72: Standard | E72: Y
A73: =Grinders!$B73 -> xbreezyy1 | B73: {=XLOOKUP($A73, Grinders!$B$4:$B998, Grinders!$A$4:$A998)} -> GRD-70 | C73: Rep Grinding ⚡, Badge Grinding 🎖️, Hot Zones 🔥, Build Specializations 🛠️, Lifetime Challenges 🏆, Plate Card Grinding 🃏, Bundle Order 🎁, Season Pass Grinding 🎫, Add-Ons ➕, Event Grinding 🏟️ | D73: Standard | E73: Y
A74: =Grinders!$B74 -> luvgill | B74: {=XLOOKUP($A74, Grinders!$B$4:$B998, Grinders!$A$4:$A998)} -> GRD-71 | C74: Rep Grinding ⚡, Badge Grinding 🎖️, Hot Zones 🔥, Build Specializations 🛠️, Lifetime Challenges 🏆, Plate Card Grinding 🃏, Bundle Order 🎁, Season Pass Grinding 🎫, Add-Ons ➕, Event Grinding 🏟️ | D74: Standard | E74: Y
A75: =Grinders!$B75 -> philly223 | B75: {=XLOOKUP($A75, Grinders!$B$4:$B998, Grinders!$A$4:$A998)} -> GRD-72 | C75: Rep Grinding ⚡, Badge Grinding 🎖️, Hot Zones 🔥, Build Specializations 🛠️, Lifetime Challenges 🏆, Plate Card Grinding 🃏, Bundle Order 🎁, Season Pass Grinding 🎫, Add-Ons ➕, Event Grinding 🏟️ | D75: Standard | E75: Y
A76: =Grinders!$B76 -> tr6nd | B76: {=XLOOKUP($A76, Grinders!$B$4:$B998, Grinders!$A$4:$A998)} -> GRD-73 | C76: Rep Grinding ⚡, Badge Grinding 🎖️, Hot Zones 🔥, Build Specializations 🛠️, Lifetime Challenges 🏆, Plate Card Grinding 🃏, Bundle Order 🎁, Season Pass Grinding 🎫, Add-Ons ➕, Event Grinding 🏟️ | D76: Standard | E76: Y
A77: =Grinders!$B77

Sheet Orders
A1: Orders
A3: Order ID | B3: Bid Posted Date/Time | C3: Service | D3: Customer Price | E3: Order Due Date/Time | F3: Rush (Y/N) | G3: Complexity (1-5) | H3: Location | I3: Status | J3: Notes
A4: Order #171 | B4: 46074.016 | C4: VC Grinding 🪙 | D4: 25 | E4: 46076.83 | F4: N | G4: {=IF($C4="", "", XLOOKUP($C4, Services!$A$4:$A998, Services!$C$4:$C998))} -> 1 | H4: ="Retail" -> Retail | I4: Open
G5: {=IF($C5="", "", XLOOKUP($C5, Services!$A$4:$A998, Services!$C$4:$C998))} | H5: ="Retail" -> Retail
G6: {=IF($C6="", "", XLOOKUP($C6, Services!$A$4:$A998, Services!$C$4:$C998))} | H6: ="Retail" -> Retail
G7: {=IF($C7="", "", XLOOKUP($C7, Services!$A$4:$A998, Services!$C$4:$C998))} | H7: ="Retail" -> Retail
G8: {=IF($C8="", "", XLOOKUP($C8, Services!$A$4:$A998, Services!$C$4:$C998))} | H8: ="Retail" -> Retail
G9: {=IF($C9="", "", XLOOKUP($C9, Services!$A$4:$A998, Services!$C$4:$C998))} | H9: ="Retail" -> Retail
G10: {=IF($C10="", "", XLOOKUP($C10, Services!$A$4:$A998, Services!$C$4:$C998))} | H10: ="Retail" -> Retail
G11: {=IF($C11="", "", XLOOKUP($C11, Services!$A$4:$A998, Services!$C$4:$C998))} | H11: ="Retail" -> Retail
G12: {=IF($C12="", "", XLOOKUP($C12, Services!$A$4:$A998, Services!$C$4:$C998))} | H12: ="Retail" -> Retail
G13: {=IF($C13="", "", XLOOKUP($C13, Services!$A$4:$A998, Services!$C$4:$C998))} | H13: ="Retail" -> Retail
G14: {=IF($C14="", "", XLOOKUP($C14, Services!$A$4:$A998, Services!$C$4:$C998))} | H14: ="Retail" -> Retail
G15: {=IF($C15="", "", XLOOKUP($C15, Services!$A$4:$A998, Services!$C$4:$C998))} | H15: ="Retail" -> Retail
G16: {=IF($C16="", "", XLOOKUP($C16, Services!$A$4:$A998, Services!$C$4:$C998))} | H16: ="Retail" -> Retail
G17: {=IF($C17="", "", XLOOKUP($C17, Services!$A$4:$A998, Services!$C$4:$C998))} | H17: ="Retail" -> Retail
G18: {=IF($C18="", "", XLOOKUP($C18, Services!$A$4:$A998, Services!$C$4:$C998))} | H18: ="Retail" -> Retail
G19: {=IF($C19="", "", XLOOKUP($C19, Services!$A$4:$A998, Services!$C$4:$C998))} | H19: ="Retail" -> Retail
G20: {=IF($C20="", "", XLOOKUP($C20, Services!$A$4:$A998, Services!$C$4:$C998))} | H20: ="Retail" -> Retail
G21: {=IF($C21="", "", XLOOKUP($C21, Services!$A$4:$A998, Services!$C$4:$C998))} | H21: ="Retail" -> Retail
G22: {=IF($C22="", "", XLOOKUP($C22, Services!$A$4:$A998, Services!$C$4:$C998))} | H22: ="Retail" -> Retail
G23: {=IF($C23="", "", XLOOKUP($C23, Services!$A$4:$A998, Services!$C$4:$C998))} | H23: ="Retail" -> Retail
G24: {=IF($C24="", "", XLOOKUP($C24, Services!$A$4:$A998, Services!$C$4:$C998))} | H24: ="Retail" -> Retail
G25: {=IF($C25="", "", XLOOKUP($C25, Services!$A$4:$A998, Services!$C$4:$C998))} | H25: ="Retail" -> Retail
G26: {=IF($C26="", "", XLOOKUP($C26, Services!$A$4:$A998, Services!$C$4:$C998))} | H26: ="Retail" -> Retail
G27: {=IF($C27="", "", XLOOKUP($C27, Services!$A$4:$A998, Services!$C$4:$C998))} | H27: ="Retail" -> Retail
G28: {=IF($C28="", "", XLOOKUP($C28, Services!$A$4:$A998, Services!$C$4:$C998))} | H28: ="Retail" -> Retail
G29: {=IF($C29="", "", XLOOKUP($C29, Services!$A$4:$A998, Services!$C$4:$C998))} | H29: ="Retail" -> Retail
G30: {=IF($C30="", "", XLOOKUP($C30, Services!$A$4:$A998, Services!$C$4:$C998))} | H30: ="Retail" -> Retail
G31: {=IF($C31="", "", XLOOKUP($C31, Services!$A$4:$A998, Services!$C$4:$C998))} | H31: ="Retail" -> Retail
G32: {=IF($C32="", "", XLOOKUP($C32, Services!$A$4:$A998, Services!$C$4:$C998))} | H32: ="Retail" -> Retail
G33: {=IF($C33="", "", XLOOKUP($C33, Services!$A$4:$A998, Services!$C$4:$C998))} | H33: ="Retail" -> Retail
G34: {=IF($C34="", "", XLOOKUP($C34, Services!$A$4:$A998, Services!$C$4:$C998))} | H34: ="Retail" -> Retail
G35: {=IF($C35="", "", XLOOKUP($C35, Services!$A$4:$A998, Services!$C$4:$C998))} | H35: ="Retail" -> Retail
G36: {=IF($C36="", "", XLOOKUP($C36, Services!$A$4:$A998, Services!$C$4:$C998))} | H36: ="Retail" -> Retail
G37: {=IF($C37="", "", XLOOKUP($C37, Services!$A$4:$A998, Services!$C$4:$C998))} | H37: ="Retail" -> Retail
G38: {=IF($C38="", "", XLOOKUP($C38, Services!$A$4:$A998, Services!$C$4:$C998))} | H38: ="Retail" -> Retail
G39: {=IF($C39="", "", XLOOKUP($C39, Services!$A$4:$A998, Services!$C$4:$C998))} | H39: ="Retail" -> Retail
G40: {=IF($C40="", "", XLOOKUP($C40, Services!$A$4:$A998, Services!$C$4:$C998))} | H40: ="Retail" -> Retail
G41: {=IF($C41="", "", XLOOKUP($C41, Services!$A$4:$A998, Services!$C$4:$C998))} | H41: ="Retail" -> Retail
G42: {=IF($C42="", "", XLOOKUP($C42, Services!$A$4:$A998, Services!$C$4:$C998))} | H42: ="Retail" -> Retail
G43: {=IF($C43="", "", XLOOKUP($C43, Services!$A$4:$A998, Services!$C$4:$C998))} | H43: ="Retail" -> Retail
G44: {=IF($C44="", "", XLOOKUP($C44, Services!$A$4:$A998, Services!$C$4:$C998))} | H44: ="Retail" -> Retail
G45: {=IF($C45="", "", XLOOKUP($C45, Services!$A$4:$A998, Services!$C$4:$C998))} | H45: ="Retail" -> Retail
G46: {=IF($C46="", "", XLOOKUP($C46, Services!$A$4:$A998, Services!$C$4:$C998))} | H46: ="Retail" -> Retail
G47: {=IF($C47="", "", XLOOKUP($C47, Services!$A$4:$A998, Services!$C$4:$C998))} | H47: ="Retail" -> Retail
G48: {=IF($C48="", "", XLOOKUP($C48, Services!$A$4:$A998, Services!$C$4:$C998))} | H48: ="Retail" -> Retail
G49: {=IF($C49="", "", XLOOKUP($C49, Services!$A$4:$A998, Services!$C$4:$C998))} | H49: ="Retail" -> Retail
G50: {=IF($C50="", "", XLOOKUP($C50, Services!$A$4:$A998, Services!$C$4:$C998))} | H50: ="Retail" -> Retail
G51: {=IF($C51="", "", XLOOKUP($C51, Services!$A$4:$A998, Services!$C$4:$C998))} | H51: ="Retail" -> Retail
G52: {=IF($C52="", "", XLOOKUP($C52, Services!$A$4:$A998, Services!$C$4:$C998))} | H52: ="Retail" -> Retail
G53: {=IF($C53="", "", XLOOKUP($C53, Services!$A$4:$A998, Services!$C$4:$C998))} | H53: ="Retail" -> Retail
G54: {=IF($C54="", "", XLOOKUP($C54, Services!$A$4:$A998, Services!$C$4:$C998))} | H54: ="Retail" -> Retail
G55: {=IF($C55="", "", XLOOKUP($C55, Services!$A$4:$A998, Services!$C$4:$C998))} | H55: ="Retail" -> Retail
G56: {=IF($C56="", "", XLOOKUP($C56, Services!$A$4:$A998, Services!$C$4:$C998))} | H56: ="Retail" -> Retail
G57: {=IF($C57="", "", XLOOKUP($C57, Services!$A$4:$A998, Services!$C$4:$C998))} | H57: ="Retail" -> Retail
G58: {=IF($C58="", "", XLOOKUP($C58, Services!$A$4:$A998, Services!$C$4:$C998))} | H58: ="Retail" -> Retail
G59: {=IF($C59="", "", XLOOKUP($C59, Services!$A$4:$A998, Services!$C$4:$C998))} | H59: ="Retail" -> Retail
G60: {=IF($C60="", "", XLOOKUP($C60, Services!$A$4:$A998, Services!$C$4:$C998))} | H60: ="Retail" -> Retail
G61: {=IF($C61="", "", XLOOKUP($C61, Services!$A$4:$A998, Services!$C$4:$C998))} | H61: ="Retail" -> Retail
G62: {=IF($C62="", "", XLOOKUP($C62, Services!$A$4:$A998, Services!$C$4:$C998))} | H62: ="Retail" -> Retail
G63: {=IF($C63="", "", XLOOKUP($C63, Services!$A$4:$A998, Services!$C$4:$C998))} | H63: ="Retail" -> Retail
G64: {=IF($C64="", "", XLOOKUP($C64, Services!$A$4:$A998, Services!$C$4:$C998))} | H64: ="Retail" -> Retail
G65: {=IF($C65="", "", XLOOKUP($C65, Services!$A$4:$A998, Services!$C$4:$C998))} | H65: ="Retail" -> Retail
G66: {=IF($C66="", "", XLOOKUP($C66, Services!$A$4:$A998, Services!$C$4:$C998))} | H66: ="Retail" -> Retail
G67: {=IF($C67="", "", XLOOKUP($C67, Services!$A$4:$A998, Services!$C$4:$C998))} | H67: ="Retail" -> Retail
G68: {=IF($C68="", "", XLOOKUP($C68, Services!$A$4:$A998, Services!$C$4:$C998))} | H68: ="Retail" -> Retail
G69: {=IF($C69="", "", XLOOKUP($C69, Services!$A$4:$A998, Services!$C$4:$C998))} | H69: ="Retail" -> Retail
G70: {=IF($C70="", "", XLOOKUP($C70, Services!$A$4:$A998, Services!$C$4:$C998))} | H70: ="Retail" -> Retail
G71: {=IF($C71="", "", XLOOKUP($C71, Services!$A$4:$A998, Services!$C$4:$C998))} | H71: ="Retail" -> Retail
G72: {=IF($C72="", "", XLOOKUP($C72, Services!$A$4:$A998, Services!$C$4:$C998))} | H72: ="Retail" -> Retail
G73: {=IF($C73="", "", XLOOKUP($C73, Services!$A$4:$A998, Services!$C$4:$C998))} | H73: ="Retail" -> Retail
G74: {=IF($C74="", "", XLOOKUP($C74, Services!$A$4:$A998, Services!$C$4:$C998))} | H74: ="Retail" -> Retail
G75: {=IF($C75="", "", XLOOKUP($C75, Services!$A$4:$A998, Services!$C$4:$C998))} | H75: ="Retail" -> Retail
G76: {=IF($C76="", "", XLOOKUP($C76, Services!$A$4:$A998, Services!$C$4:$C998))} | H76: ="Retail" -> Retail
G77: {=IF($C77="", "", XLOOKUP($C77, Services!$A$4:$A998, Services!$C$4:$C998))} | H77: ="Retail" -> Retail
G78: {=IF($C78="", "", XLOOKUP($C78, Services!$A$4:$A998, Services!$C$4:$C998))} | H78: ="Retail" -> Retail
G79: {=IF($C79="", "", XLOOKUP($C79, Services!$A$4:$A998, Services!$C$4:$C998))} | H79: ="Retail" -> Retail
G80: {=IF($C80="", "", XLOOKUP($C80, Services!$A$4:$A998, Services!$C$4:$C998))} | H80: ="Retail" -> Retail
G81: {=IF($C81="", "", XLOOKUP($C81, Services!$A$4:$A998, Services!$C$4:$C998))} | H81: ="Retail" -> Retail
G82: {=IF($C82="", "", XLOOKUP($C82, Services!$A$4:$A998, Services!$C$4:$C998))} | H82: ="Retail" -> Retail
G83: {=IF($C83="", "", XLOOKUP($C83, Services!$A$4:$A998, Services!$C$4:$C998))} | H83: ="Retail" -> Retail
G84: {=IF($C84="", "", XLOOKUP($C84, Services!$A$4:$A998, Services!$C$4:$C998))} | H84: ="Retail" -> Retail
G85: {=IF($C85="", "", XLOOKUP($C85, Services!$A$4:$A998, Services!$C$4:$C998))} | H85: ="Retail" -> Retail
G86: {=IF($C86="", "", XLOOKUP($C86, Services!$A$4:$A998, Services!$C$4:$C998))} | H86: ="Retail" -> Retail
G87: {=IF($C87="", "", XLOOKUP($C87, Services!$A$4:$A998, Services!$C$4:$C998))} | H87: ="Retail" -> Retail
G88: {=IF($C88="", "", XLOOKUP($C88, Services!$A$4:$A998, Services!$C$4:$C998))} | H88: ="Retail" -> Retail
G89: {=IF($C89="", "", XLOOKUP($C89, Services!$A$4:$A998, Services!$C$4:$C998))} | H89: ="Retail" -> Retail
G90: {=IF($C90="", "", XLOOKUP($C90, Services!$A$4:$A998, Services!$C$4:$C998))} | H90: ="Retail" -> Retail
G91: {=IF($C91="", "", XLOOKUP($C91, Services!$A$4:$A998, Services!$C$4:$C998))} | H91: ="Retail" -> Retail
G92: {=IF($C92="", "", XLOOKUP($C92, Services!$A$4:$A998, Services!$C$4:$C998))} | H92: ="Retail" -> Retail
G93: {=IF($C93="", "", XLOOKUP($C93, Services!$A$4:$A998, Services!$C$4:$C998))} | H93: ="Retail" -> Retail
G94: {=IF($C94="", "", XLOOKUP($C94, Services!$A$4:$A998, Services!$C$4:$C998))} | H94: ="Retail" -> Retail
G95: {=IF($C95="", "", XLOOKUP($C95, Services!$A$4:$A998, Services!$C$4:$C998))} | H95: ="Retail" -> Retail
G96: {=IF($C96="", "", XLOOKUP($C96, Services!$A$4:$A998, Services!$C$4:$C998))} | H96: ="Retail" -> Retail
G97: {=IF($C97="", "", XLOOKUP($C97, Services!$A$4:$A998, Services!$C$4:$C998))} | H97: ="Retail" -> Retail
G98: {=IF($C98="", "", XLOOKUP($C98, Services!$A$4:$A998, Services!$C$4:$C998))} | H98: ="Retail" -> Retail
G99: {=IF($C99="", "", XLOOKUP($C99, Services!$A$4:$A998, Services!$C$4:$C998))} | H99: ="Retail" -> Retail
G100: {=IF($C100="", "", XLOOKUP($C100, Services!$A$4:$A998, Services!$C$4:$C998))} | H100: ="Retail" -> Retail
G101: {=IF($C101="", "", XLOOKUP($C101, Services!$A$4:$A998, Services!$C$4:$C998))} | H101: ="Retail" -> Retail
...

Sheet Bids
A1: Bids
A5: BidID | B5: OrderID | C5: GrinderID | D5: BidAmount | E5: BidTime | F5: EstDeliveryDateTime | G5: Notes | AA5: CompanyCounterOffer | AB5: CounterAccepted(Y/N) | AC5: EffectiveBidAmount | AD5: BidKey | AE5: CounterStatus
A6: B2001 | B6: O1001 | C6: GRD-01 | D6: 350 | E6: 46071.788 | F6: 46075.83 | AC6: =IF(AND(AA6<>"",AB6="Y"),AA6,D6) -> 350 | AD6: =IF(OR(B6="",C6=""),"",B6&"|"&C6) -> O1001|GRD-01 | AE6: =IF(AA6<>"",IF(AB6="Y","Accepted",IF(AB6="N","Declined","Pending")),"No Counter") -> No Counter
A7: B2002 | B7: O1001 | C7: G002 | D7: 150 | E7: 46071.788 | F7: 46076.83 | AC7: =IF(AND(AA7<>"",AB7="Y"),AA7,D7) -> 150 | AD7: =IF(OR(B7="",C7=""),"",B7&"|"&C7) -> O1001|G002 | AE7: =IF(AA7<>"",IF(AB7="Y","Accepted",IF(AB7="N","Declined","Pending")),"No Counter") -> No Counter
A8: B2003 | B8: O1002 | C8: G003 | D8: 400 | E8: 46071.795 | F8: 46073.83 | AC8: =IF(AND(AA8<>"",AB8="Y"),AA8,D8) -> 400 | AD8: =IF(OR(B8="",C8=""),"",B8&"|"&C8) -> O1002|G003 | AE8: =IF(AA8<>"",IF(AB8="Y","Accepted",IF(AB8="N","Declined","Pending")),"No Counter") -> No Counter
A9: B2004 | B9: O1002 | C9: G001 | D9: 420 | E9: 46071.799 | F9: 46073.33 | AC9: =IF(AND(AA9<>"",AB9="Y"),AA9,D9) -> 420 | AD9: =IF(OR(B9="",C9=""),"",B9&"|"&C9) -> O1002|G001 | AE9: =IF(AA9<>"",IF(AB9="Y","Accepted",IF(AB9="N","Declined","Pending")),"No Counter") -> No Counter
A10: B2005 | B10: O1003 | C10: G004 | D10: 800 | E10: 46071.58 | F10: 46077.83 | AC10: =IF(AND(AA10<>"",AB10="Y"),AA10,D10) -> 800 | AD10: =IF(OR(B10="",C10=""),"",B10&"|"&C10) -> O1003|G004 | AE10: =IF(AA10<>"",IF(AB10="Y","Accepted",IF(AB10="N","Declined","Pending")),"No Counter") -> No Counter
A11: B2006 | B11: O1003 | C11: G001 | D11: 700 | E11: 46071.622 | F11: 46078.83 | AC11: =IF(AND(AA11<>"",AB11="Y"),AA11,D11) -> 700 | AD11: =IF(OR(B11="",C11=""),"",B11&"|"&C11) -> O1003|G001 | AE11: =IF(AA11<>"",IF(AB11="Y","Accepted",IF(AB11="N","Declined","Pending")),"No Counter") -> No Counter
AC12: =IF(AND(AA12<>"",AB12="Y"),AA12,D12) | AD12: =IF(OR(B12="",C12=""),"",B12&"|"&C12) | AE12: =IF(AA12<>"",IF(AB12="Y","Accepted",IF(AB12="N","Declined","Pending")),"No Counter") -> No Counter
AC13: =IF(AND(AA13<>"",AB13="Y"),AA13,D13) | AD13: =IF(OR(B13="",C13=""),"",B13&"|"&C13) | AE13: =IF(AA13<>"",IF(AB13="Y","Accepted",IF(AB13="N","Declined","Pending")),"No Counter") -> No Counter
AC14: =IF(AND(AA14<>"",AB14="Y"),AA14,D14) | AD14: =IF(OR(B14="",C14=""),"",B14&"|"&C14) | AE14: =IF(AA14<>"",IF(AB14="Y","Accepted",IF(AB14="N","Declined","Pending")),"No Counter") -> No Counter
AC15: =IF(AND(AA15<>"",AB15="Y"),AA15,D15) | AD15: =IF(OR(B15="",C15=""),"",B15&"|"&C15) | AE15: =IF(AA15<>"",IF(AB15="Y","Accepted",IF(AB15="N","Declined","Pending")),"No Counter") -> No Counter
AC16: =IF(AND(AA16<>"",AB16="Y"),AA16,D16) | AD16: =IF(OR(B16="",C16=""),"",B16&"|"&C16) | AE16: =IF(AA16<>"",IF(AB16="Y","Accepted",IF(AB16="N","Declined","Pending")),"No Counter") -> No Counter
AC17: =IF(AND(AA17<>"",AB17="Y"),AA17,D17) | AD17: =IF(OR(B17="",C17=""),"",B17&"|"&C17) | AE17: =IF(AA17<>"",IF(AB17="Y","Accepted",IF(AB17="N","Declined","Pending")),"No Counter") -> No Counter
AC18: =IF(AND(AA18<>"",AB18="Y"),AA18,D18) | AD18: =IF(OR(B18="",C18=""),"",B18&"|"&C18) | AE18: =IF(AA18<>"",IF(AB18="Y","Accepted",IF(AB18="N","Declined","Pending")),"No Counter") -> No Counter
AC19: =IF(AND(AA19<>"",AB19="Y"),AA19,D19) | AD19: =IF(OR(B19="",C19=""),"",B19&"|"&C19) | AE19: =IF(AA19<>"",IF(AB19="Y","Accepted",IF(AB19="N","Declined","Pending")),"No Counter") -> No Counter
AC20: =IF(AND(AA20<>"",AB20="Y"),AA20,D20) | AD20: =IF(OR(B20="",C20=""),"",B20&"|"&C20) | AE20: =IF(AA20<>"",IF(AB20="Y","Accepted",IF(AB20="N","Declined","Pending")),"No Counter") -> No Counter
AC21: =IF(AND(AA21<>"",AB21="Y"),AA21,D21) | AD21: =IF(OR(B21="",C21=""),"",B21&"|"&C21) | AE21: =IF(AA21<>"",IF(AB21="Y","Accepted",IF(AB21="N","Declined","Pending")),"No Counter") -> No Counter
AC22: =IF(AND(AA22<>"",AB22="Y"),AA22,D22) | AD22: =IF(OR(B22="",C22=""),"",B22&"|"&C22) | AE22: =IF(AA22<>"",IF(AB22="Y","Accepted",IF(AB22="N","Declined","Pending")),"No Counter") -> No Counter
AC23: =IF(AND(AA23<>"",AB23="Y"),AA23,D23) | AD23: =IF(OR(B23="",C23=""),"",B23&"|"&C23) | AE23: =IF(AA23<>"",IF(AB23="Y","Accepted",IF(AB23="N","Declined","Pending")),"No Counter") -> No Counter
... AC1000: =IF(AND(AA1000<>"",AB1000="Y"),AA1000,D1000) | AD1000: =IF(OR(B1000="",C1000=""),"",B1000&"|"&C1000) | AE1000: =IF(AA1000<>"",IF(AB1000="Y","Accepted",IF(AB1000="N","Declined","Pending")),"No Counter") -> No Counter

Sheet Assignments
A1: Assignments (Awarded Orders)
A5: AssignmentID | B5: GrinderID | C5: OrderID | D5: AssignedDateTime | E5: Status | F5: Service | G5: CustomerPrice | H5: BidAmount | I5: Margin$ | J5: Margin% | K5: DueDateTime | L5: DeliveredDateTime | M5: OnTime(Y/N) | N5: QualityRating(1-5) | O5: Notes | P5: TurnaroundDays | AB5: CompanyCounterOffer | AC5: CounterAccepted(Y/N) | AD5: FinalBidAmount | AE5: Reassigned(Y/N) | AF5: ReplacementGrinderID | AG5: ReassignReason | AH5: OriginalCutKept$ | AI5: ReplacementCut$ | AJ5: Deadline_Override1 | AK5: Deadline_Override2 | AL5: Deadline_Override3 | AM5: OriginalDeadline | AN5: ActiveDeadline | AO5: OnTimeFlag_Active | AP5: TotalPayout$ | AQ5: EffMargin$ | AR5: EffMargin% | AS5: ReassignmentPenaltyPts | AT5: ReplacementRewardPts | AU5: NeedsReplacement
A6: a1 | B6: GRD-01 | C6: O1001 | D6: 46074 | E6: Active | F6: =IF($C6="","",VLOOKUP($C6,Orders!$A$4:$J$303,3,FALSE)) -> #N/A | G6: =IF($C6="","",VLOOKUP($C6,Orders!$A$4:$J$303,4,FALSE)) -> #N/A | I6: =IF(OR(G6="", AD6=""),"", G6-AD6) -> #N/A | J6: =IF(OR(G6="", AD6=""),"", IF(G6=0,"",I6/G6)) -> #N/A | K6: =IF($C6="","",VLOOKUP($C6,Orders!$A$4:$J$303,5,FALSE)) -> #N/A | L6: 46074 | M6: =IF($L6="","",IF($K6="","",IF($L6<=$K6,"Y","N"))) -> #N/A | P6: =IF(OR($D6="",$L6=""),"",$L6-$D6) -> 0 | AB6: {=IFERROR(INDEX(Bids!$AA:$AA, MATCH(C6&"|"&B6, Bids!$AD:$AD,0)),"")} | AC6: {=IFERROR(INDEX(Bids!$AB:$AB, MATCH(C6&"|"&B6, Bids!$AD:$AD,0)),"")} | AD6: {=IFERROR(INDEX(Bids!$AC:$AC, MATCH(C6&"|"&B6, Bids!$AD:$AD,0)), H6)} -> 350 | AH6: =IF(C6="","",IF(AE6="Y",IF(AH6="",AD6,AH6),AD6)) -> 350 | AI6: =IF(C6="","",IF(AE6="Y",IF(AI6="",0,AI6),0)) -> 0 | AM6: {=IF(C6="","",IFERROR(XLOOKUP(C6,Orders!$A:$A,Orders!$E:$E,""),""))} | AN6: =IF(C6="","",IF(AL6<>"",AL6,IF(AK6<>"",AK6,IF(AJ6<>"",AJ6,AM6)))) | AO6: =IF(OR(L6="",AN6=""),"",IF(L6<=AN6,1,0)) | AP6: =IF(C6="","",AH6+AI6) -> 350 | AQ6: =IF(OR(G6="",AP6=""),"",G6-AP6) -> #N/A | AR6: =IF(OR(G6="",AQ6=""),"",IF(G6=0,"",AQ6/G6)) -> #N/A | AS6: =IF(C6="","",IF(AE6="Y",-1,0)) -> 0 | AT6: =IF(C6="","",IF(AND(AE6="Y",AF6<>"",E6="Completed"),1,0)) -> 0 | AU6: =IF(C6="","",IF(AND(AE6="Y",AF6="",E6<>"Completed"),1,0)) -> 0
F7: =IF($C7="","",VLOOKUP($C7,Orders!$A$4:$J$303,3,FALSE)) | G7: =IF($C7="","",VLOOKUP($C7,Orders!$A$4:$J$303,4,FALSE)) | I7: =IF(OR(G7="", AD7=""),"", G7-AD7) | J7: =IF(OR(G7="", AD7=""),"", IF(G7=0,"",I7/G7)) | K7: =IF($C7="","",VLOOKUP($C7,Orders!$A$4:$J$303,5,FALSE)) | M7: =IF($L7="","",IF($K7="","",IF($L7<=$K7,"Y","N"))) | P7: =IF(OR($D7="",$L7=""),"",$L7-$D7) | AB7: {=IFERROR(INDEX(Bids!$AA:$AA, MATCH(C7&"|"&B7, Bids!$AD:$AD,0)),"")} | AC7: {=IFERROR(INDEX(Bids!$AB:$AB, MATCH(C7&"|"&B7, Bids!$AD:$AD,0)),"")} | AD7: {=IFERROR(INDEX(Bids!$AC:$AC, MATCH(C7&"|"&B7, Bids!$AD:$AD,0)), H7)} | AH7: =IF(C7="","",IF(AE7="Y",IF(AH7="",AD7,AH7),AD7)) | AI7: =IF(C7="","",IF(AE7="Y",IF(AI7="",0,AI7),0)) | AM7: {=IF(C7="","",IFERROR(XLOOKUP(C7,Orders!$A:$A,Orders!$E:$E,""),""))} | AN7: =IF(C7="","",IF(AL7<>"",AL7,IF(AK7<>"",AK7,IF(AJ7<>"",AJ7,AM7)))) | AO7: =IF(OR(L7="",AN7=""),"",IF(L7<=AN7,1,0)) | AP7: =IF(C7="","",AH7+AI7) | AQ7: =IF(OR(G7="",AP7=""),"",G7-AP7) | AR7: =IF(OR(G7="",AQ7=""),"",IF(G7=0,"",AQ7/G7)) | AS7: =IF(C7="","",IF(AE7="Y",-1,0)) | AT7: =IF(C7="","",IF(AND(AE7="Y",AF7<>"",E7="Completed"),1,0)) | AU7: =IF(C7="","",IF(AND(AE7="Y",AF7="",E7<>"Completed"),1,0))
F8: =IF($C8="","",VLOOKUP($C8,Orders!$A$4:$J$303,3,FALSE)) | G8: =IF($C8="","",VLOOKUP($C8,Orders!$A$4:$J$303,4,FALSE)) | I8: =IF(OR(G8="", AD8=""),"", G8-AD8) | J8: =IF(OR(G8="", AD8=""),"", IF(G8=0,"",I8/G8)) | K8: =IF($C8="","",VLOOKUP($C8,Orders!$A$4:$J$303,5,FALSE)) | M8: =IF($L8="","",IF($K8="","",IF($L8<=$K8,"Y","N"))) | P8: =IF(OR($D8="",$L8=""),"",$L8-$D8) | AB8: {=IFERROR(INDEX(Bids!$AA:$AA, MATCH(C8&"|"&B8, Bids!$AD:$AD,0)),"")} | AC8: {=IFERROR(INDEX(Bids!$AB:$AB, MATCH(C8&"|"&B8, Bids!$AD:$AD,0)),"")} | AD8: {=IFERROR(INDEX(Bids!$AC:$AC, MATCH(C8&"|"&B8, Bids!$AD:$AD,0)), H8)} | AH8: =IF(C8="","",IF(AE8="Y",IF(AH8="",AD8,AH8),AD8)) | AI8: =IF(C8="","",IF(AE8="Y",IF(AI8="",0,AI8),0)) | AM8: {=IF(C8="","",IFERROR(XLOOKUP(C8,Orders!$A:$A,Orders!$E:$E,""),""))} | AN8: =IF(C8="","",IF(AL8<>"",AL8,IF(AK8<>"",AK8,IF(AJ8<>"",AJ8,AM8)))) | AO8: =IF(OR(L8="",AN8=""),"",IF(L8<=AN8,1,0)) | AP8: =IF(C8="","",AH8+AI8) | AQ8: =IF(OR(G8="",AP8=""),"",G8-AP8) | AR8: =IF(OR(G8="",AQ8=""),"",IF(G8=0,"",AQ8/G8)) | AS8: =IF(C8="","",IF(AE8="Y",-1,0)) | AT8: =IF(C8="","",IF(AND(AE8="Y",AF8<>"",E8="Completed"),1,0)) | AU8: =IF(C8="","",IF(AND(AE8="Y",AF8="",E8<>"Completed"),1,0))
F9: =IF($C9="","",VLOOKUP($C9,Orders!$A$4:$J$303,3,FALSE)) | G9: =IF($C9="","",VLOOKUP($C9,Orders!$A$4:$J$303,4,FALSE)) | I9: =IF(OR(G9="", AD9=""),"", G9-AD9) | J9: =IF(OR(G9="", AD9=""),"", IF(G9=0,"",I9/G9)) | K9: =IF($C9="","",VLOOKUP($C9,Orders!$A$4:$J$303,5,FALSE)) | M9: =IF($L9="","",IF($K9="","",IF($L9<=$K9,"Y","N"))) | P9: =IF(OR($D9="",$L9=""),"",$L9-$D9) | AB9: {=IFERROR(INDEX(Bids!$AA:$AA, MATCH(C9&"|"&B9, Bids!$AD:$AD,0)),"")} | AC9: {=IFERROR(INDEX(Bids!$AB:$AB, MATCH(C9&"|"&B9, Bids!$AD:$AD,0)),"")} | AD9: {=IFERROR(INDEX(Bids!$AC:$AC, MATCH(C9&"|"&B9, Bids!$AD:$AD,0)), H9)} | AH9: =IF(C9="","",IF(AE9="Y",IF(AH9="",AD9,AH9),AD9)) | AI9: =IF(C9="","",IF(AE9="Y",IF(AI9="",0,AI9),0)) | AM9: {=IF(C9="","",IFERROR(XLOOKUP(C9,Orders!$A:$A,Orders!$E:$E,""),""))} | AN9: =IF(C9="","",IF(AL9<>"",AL9,IF(AK9<>"",AK9,IF(AJ9<>"",AJ9,AM9)))) | AO9: =IF(OR(L9="",AN9=""),"",IF(L9<=AN9,1,0)) | AP9: =IF(C9="","",AH9+AI9) | AQ9: =IF(OR(G9="",AP9=""),"",G9-AP9) | AR9: =IF(OR(G9="",AQ9=""),"",IF(G9=0,"",AQ9/G9)) | AS9: =IF(C9="","",IF(AE9="Y",-1,0)) | AT9: =IF(C9="","",IF(AND(AE9="Y",AF9<>"",E9="Completed"),1,0)) | AU9: =IF(C9="","",IF(AND(AE9="Y",AF9="",E9<>"Completed"),1,0))
F10: =IF($C10="","",VLOOKUP($C10,Orders!$A$4:$J$303,3,FALSE)) | G10: =IF($C10="","",VLOOKUP($C10,Orders!$A$4:$J$303,4,FALSE)) | I10: =IF(OR(G10="", AD10=""),"", G10-AD10) | J10: =IF(OR(G10="", AD10=""),"", IF(G10=0,"",I10/G10)) | K10: =IF($C10="","",VLOOKUP($C10,Orders!$A$4:$J$303,5,FALSE)) | M10: =IF($L10="","",IF($K10="","",IF($L10<=$K10,"Y","N"))) | P10: =IF(OR($D10="",$L10=""),"",$L10-$D10) | AB10: {=IFERROR(INDEX(Bids!$AA:$AA, MATCH(C10&"|"&B10, Bids!$AD:$AD,0)),"")} | AC10: {=IFERROR(INDEX(Bids!$AB:$AB, MATCH(C10&"|"&B10, Bids!$AD:$AD,0)),"")} | AD10: {=IFERROR(INDEX(Bids!$AC:$AC, MATCH(C10&"|"&B10, Bids!$AD:$AD,0)), H10)} | AH10: =IF(C10="","",IF(AE10="Y",IF(AH10="",AD10,AH10),AD10)) | AI10: =IF(C10="","",IF(AE10="Y",IF(AI10="",0,AI10),0)) | AM10: {=IF(C10="","",IFERROR(XLOOKUP(C10,Orders!$A:$A,Orders!$E:$E,""),""))} | AN10: =IF(C10="","",IF(AL10<>"",AL10,IF(AK10<>"",AK10,IF(AJ10<>"",AJ10,AM10)))) | AO10: =IF(OR(L10="",AN10=""),"",IF(L10<=AN10,1,0)) | AP10: =IF(C10="","",AH10+AI10) | AQ10: =IF(OR(G10="",AP10=""),"",G10-AP10) | AR10: =IF(OR(G10="",AQ10=""),"",IF(G10=0,"",AQ10/G10)) | AS10: =IF(C10="","",IF(AE10="Y",-1,0)) | AT10: =IF(C10="","",IF(AND(AE10="Y",AF10<>"",E10="Completed"),1,0)) | AU10: =IF(C10="","",IF(AND(AE10="Y",AF10="",E10<>"Completed"),1,0))
F11: =IF($C11="","",VLOOKUP($C11,Orders!$A$4:$J$303,3,FALSE)) | G11: =IF($C11="","",VLOOKUP($C11,Orders!$A$4:$J$303,4,FALSE)) | I11: =IF(OR(G11="", AD11=""),"", G11-AD11) | J11: =IF(OR(G11="", AD11=""),"", IF(G11=0,"",I11/G11)) | K11: =IF($C11="","",VLOOKUP($C11,Orders!$A$4:$J$303,5,FALSE)) | M11: =IF($L11="","",IF($K11="","",IF($L11<=$K11,"Y","N"))) | P11: =IF(OR($D11="",$L11=""),"",$L11-$D11) | AB11: {=IFERROR(INDEX(Bids!$AA:$AA, MATCH(C11&"|"&B11, Bids!$AD:$AD,0)),"")} | AC11: {=IFERROR(INDEX(Bids!$AB:$AB, MATCH(C11&"|"&B11, Bids!$AD:$AD,0)),"")} | AD11: {=IFERROR(INDEX(Bids!$AC:$AC, MATCH(C11&"|"&B11, Bids!$AD:$AD,0)), H11)} | AH11: =IF(C11="","",IF(AE11="Y",IF(AH11="",AD11,AH11),AD11)) | AI11: =IF(C11="","",IF(AE11="Y",IF(AI11="",0,AI11),0)) | AM11: {=IF(C11="","",IFERROR(XLOOKUP(C11,Orders!$A:$A,Orders!$E:$E,""),""))} | AN11: =IF(C11="","",IF(AL11<>"",AL11,IF(AK11<>"",AK11,IF(AJ11<>"",AJ11,AM11)))) | AO11: =IF(OR(L11="",AN11=""),"",IF(L11<=AN11,1,0)) | AP11: =IF(C11="","",AH11+AI11) | AQ11: =IF(OR(G11="",AP11=""),"",G11-AP11) | AR11: =IF(OR(G11="",AQ11=""),"",IF(G11=0,"",AQ11/G11)) | AS11: =IF(C11="","",IF(AE11="Y",-1,0)) | AT11: =IF(C11="","",IF(AND(AE11="Y",AF11<>"",E11="Completed"),1,0)) | AU11: =IF(C11="","",IF(AND(AE11="Y",AF11="",E11<>"Completed"),1,0))
F12: =IF($C12="","",VLOOKUP($C12,Orders!$A$4:$J$303,3,FALSE)) | G12: =IF($C12="","",VLOOKUP($C12,Orders!$A$4:$J$303,4,FALSE)) | I12: =IF(OR(G12="", AD12=""),"", G12-AD12) | J12: =IF(OR(G12="", AD12=""),"", IF(G12=0,"",I12/G12)) | K12: =IF($C12="","",VLOOKUP($C12,Orders!$A$4:$J$303,5,FALSE)) | M12: =IF($L12="","",IF($K12="","",IF($L12<=$K12,"Y","N"))) | P12: =IF(OR($D12="",$L12=""),"",$L12-$D12) | AB12: {=IFERROR(INDEX(Bids!$AA:$AA, MATCH(C12&"|"&B12, Bids!$AD:$AD,0)),"")} | AC12: {=IFERROR(INDEX(Bids!$AB:$AB, MATCH(C12&"|"&B12, Bids!$AD:$AD,0)),"")} | AD12: {=IFERROR(INDEX(Bids!$AC:$AC, MATCH(C12&"|"&B12, Bids!$AD:$AD,0)), H12)} | AH12: =IF(C12="","",IF(AE12="Y",IF(AH12="",AD12,AH12),AD12)) | AI12: =IF(C12="","",IF(AE12="Y",IF(AI12="",0,AI12),0)) | AM12: {=IF(C12="","",IFERROR(XLOOKUP(C12,Orders!$A:$A,Orders!$E:$E,""),""))} | AN12: =IF(C12="","",IF(AL12<>"",AL12,IF(AK12<>"",AK12,IF(AJ12<>"",AJ12,AM12)))) | AO12: =IF(OR(L12="",AN12=""),"",IF(L12<=AN12,1,0)) | AP12: =IF(C12="","",AH12+AI12) | AQ12: =IF(OR(G12="",AP12=""),"",G12-AP12) | AR12: =IF(OR(G12="",AQ12=""),"",IF(G12=0,"",AQ12/G12)) | AS12: =IF(C12="","",IF(AE12="Y",-1,0)) | AT12: =IF(C12="","",IF(AND(AE12="Y",AF12<>"",E12="Completed"),1,0)) | AU12: =IF(C12="","",IF(AND(AE12="Y",AF12="",E12<>"Completed"),1,0))
F13: =IF($C13="","",VLOOKUP($C13,Orders!$A$4:$J$303,3,FALSE)) | G13: =IF($C13="","",VLOOKUP($C13,Orders!$A$4:$J$303,4,FALSE)) | I13: =IF(OR(G13="", AD13=""),"", G13-AD13) | J13: =IF(OR(G13="", AD13=""),"", IF(G13=0,"",I13/G13)) | K13: =IF($C13="","",VLOOKUP($C13,Orders!$A$4:$J$303,5,FALSE)) | M13: =IF($L13="","",IF($K13="","",IF($L13<=$K13,"Y","N"))) | P13: =IF(OR($D13="",$L13=""),"",$L13-$D13) | AB13: {=IFERROR(INDEX(Bids!$AA:$AA, MATCH(C13&"|"&B13, Bids!$AD:$AD,0)),"")} | AC13: {=IFERROR(INDEX(Bids!$AB:$AB, MATCH(C13&"|"&B13, Bids!$AD:$AD,0)),"")} | AD13: {=IFERROR(INDEX(Bids!$AC:$AC, MATCH(C13&"|"&B13, Bids!$AD:$AD,0)), H13)} | AH13: =IF(C13="","",IF(AE13="Y",IF(AH13="",AD13,AH13),AD13)) | AI13: =IF(C13="","",IF(AE13="Y",IF(AI13="",0,AI13),0)) | AM13: {=IF(C13="","",IFERROR(XLOOKUP(C13,Orders!$A:$A,Orders!$E:$E,""),""))} | AN13: =IF(C13="","",IF(AL13<>"",AL13,IF(AK13<>"",AK13,IF(AJ13<>"",AJ13,AM13)))) | AO13: =IF(OR(L13="",AN13=""),"",IF(L13<=AN13,1,0)) | AP13: =IF(C13="","",AH13+AI13) | AQ13: =IF(OR(G13="",AP13=""),"",G13-AP13) | AR13: =IF(OR(G13="",AQ13=""),"",IF(G13=0,"",AQ13/G13)) | AS13: =IF(C13="","",IF(AE13="Y",-1,0)) | AT13: =IF(C13="","",IF(AND(AE13="Y",AF13<>"",E13="Completed"),1,0)) | AU13: =IF(C13="","",IF(AND(AE13="Y",AF13="",E13<>"Completed"),1,0))
F14: =IF($C14="","",VLOOKUP($C14,Orders!$A$4:$J$303,3,FALSE)) | G14: =IF($C14="","",VLOOKUP($C14,Orders!$A$4:$J$303,4,FALSE)) | I14: =IF(OR(G14="", AD14=""),"", G14-AD14) | J14: =IF(OR(G14="", AD14=""),"", IF(G14=0,"",I14/G14)) | K14: =IF($C14="","",VLOOKUP($C14,Orders!$A$4:$J$303,5,FALSE)) | M14: =IF($L14="","",IF($K14="","",IF($L14<=$K14,"Y","N"))) | P14: =IF(OR($D14="",$L14=""),"",$L14-$D14) | AB14: {=IFERROR(INDEX(Bids!$AA:$AA, MATCH(C14&"|"&B14, Bids!$AD:$AD,0)),"")} | AC14: {=IFERROR(INDEX(Bids!$AB:$AB, MATCH(C14&"|"&B14, Bids!$AD:$AD,0)),"")} | AD14: {=IFERROR(INDEX(Bids!$AC:$AC, MATCH(C14&"|"&B14, Bids!$AD:$AD,0)), H14)} | AH14: =IF(C14="","",IF(AE14="Y",IF(AH14="",AD14,AH14),AD14)) | AI14: =IF(C14="","",IF(AE14="Y",IF(AI14="",0,AI14),0)) | AM14: {=IF(C14="","",IFERROR(XLOOKUP(C14,Orders!$A:$A,Orders!$E:$E,""),""))} | AN14: =IF(C14="","",IF(AL14<>"",AL14,IF(AK14<>"",AK14,IF(AJ14<>"",AJ14,AM14)))) | AO14: =IF(OR(L14="",AN14=""),"",IF(L14<=AN14,1,0)) | AP14: =IF(C14="","",AH14+AI14) | AQ14: =IF(OR(G14="",AP14=""),"",G14-AP14) | AR14: =IF(OR(G14="",AQ14=""),"",IF(G14=0,"",AQ14/G14)) | AS14: =IF(C14="","",IF(AE14="Y",-1,0)) | AT14: =IF(C14="","",IF(AND(AE14="Y",AF14<>"",E14="Completed"),1,0)) | AU14: =IF(C14="","",IF(AND(AE14="Y",AF14="",E14<>"Completed"),1,0))
F15: =IF($C15="","",VLOOKUP($C15,Orders!$A$4:$J$303,3,FALSE)) | G15: =IF($C15="","",VLOOKUP($C15,Orders!$A$4:$J$303,4,FALSE)) | I15: =IF(OR(G15="", AD15=""),"", G15-AD15) | J15: =IF(OR(G15="", AD15=""),"", IF(G15=0,"",I15/G15)) | K15: =IF($C15="","",VLOOKUP($C15,Orders!$A$4:$J$303,5,FALSE)) | M15: =IF($L15="","",IF($K15="","",IF($L15<=$K15,"Y","N"))) | P15: =IF(OR($D15="",$L15=""),"",$L15-$D15) | AB15: {=IFERROR(INDEX(Bids!$AA:$AA, MATCH(C15&"|"&B15, Bids!$AD:$AD,0)),"")} | AC15: {=IFERROR(INDEX(Bids!$AB:$AB, MATCH(C15&"|"&B15, Bids!$AD:$AD,0)),"")} | AD15: {=IFERROR(INDEX(Bids!$AC:$AC, MATCH(C15&"|"&B15, Bids!$AD:$AD,0)), H15)} | AH15: =IF(C15="","",IF(AE15="Y",IF(AH15="",AD15,AH15),AD15)) | AI15: =IF(C15="","",IF(AE15="Y",IF(AI15="",0,AI15),0)) | AM15: {=IF(C15="","",IFERROR(XLOOKUP(C15,Orders!$A:$A,Orders!$E:$E,""),""))} | AN15: =IF(C15="","",IF(AL15<>"",AL15,IF(AK15<>"",AK15,IF(AJ15<>"",AJ15,AM15)))) | AO15: =IF(OR(L15="",AN15=""),"",IF(L15<=AN15,1,0)) | AP15: =IF(C15="","",AH15+AI15) | AQ15: =IF(OR(G15="",AP15=""),"",G15-AP15) | AR15: =IF(OR(G15="",AQ15=""),"",IF(G15=0,"",AQ15/G15)) | AS15: =IF(C15="","",IF(AE15="Y",-1,0)) | AT15: =IF(C15="","",IF(AND(AE15="Y",AF15<>"",E15="Completed"),1,0)) | AU15: =IF(C15="","",IF(AND(AE15="Y",AF15="",E15<>"Completed"),1,0))
F16: =IF($C16="","",VLOOKUP($C16,Orders!$A$4:$J$303,3,FALSE)) | G16: =IF($C16="","",VLOOKUP($C16,Orders!$A$4:$J$303,4,FALSE)) | I16: =IF(OR(G16="", AD16=""),"", G16-AD16) | J16: =IF(OR(G16="", AD16=""),"", IF(G16=0,"",I16/G16)) | K16: =IF($C16="","",VLOOKUP($C16,Orders!$A$4:$J$303,5,FALSE)) | M16: =IF($L16="","",IF($K16="","",IF($L16<=$K16,"Y","N"))) | P16: =IF(OR($D16="",$L16=""),"",$L16-$D16) | AB16: {=IFERROR(INDEX(Bids!$AA:$AA, MATCH(C16&"|"&B16, Bids!$AD:$AD,0)),"")} | AC16: {=IFERROR(INDEX(Bids!$AB:$AB, MATCH(C16&"|"&B16, Bids!$AD:$AD,0)),"")} | AD16: {=IFERROR(INDEX(Bids!$AC:$AC, MATCH(C16&"|"&B16, Bids!$AD:$AD,0)), H16)} | AH16: =IF(C16="","",IF(AE16="Y",IF(AH16="",AD16,AH16),AD16)) | AI16: =IF(C16="","",IF(AE16="Y",IF(AI16="",0,AI16),0)) | AM16: {=IF(C16="","",IFERROR(XLOOKUP(C16,Orders!$A:$A,Orders!$E:$E,""),""))} | AN16: =IF(C16="","",IF(AL16<>"",AL16,IF(AK16<>"",AK16,IF(AJ16<>"",AJ16,AM16)))) | AO16: =IF(OR(L16="",AN16=""),"",IF(L16<=AN16,1,0)) | AP16: =IF(C16="","",AH16+AI16) | AQ16: =IF(OR(G16="",AP16=""),"",G16-AP16) | AR16: =IF(OR(G16="",AQ16=""),"",IF(G16=0,"",AQ16/G16)) | AS16: =IF(C16="","",IF(AE16="Y",-1,0)) | AT16: =IF(C16="","",IF(AND(AE16="Y",AF16<>"",E16="Completed"),1,0)) | AU16: =IF(C16="","",IF(AND(AE16="Y",AF16="",E16<>"Completed"),1,0))
F17: =IF($C17="","",VLOOKUP($C17,Orders!$A$4:$J$303,3,FALSE)) | G17: =IF($C17="","",VLOOKUP($C17,Orders!$A$4:$J$303,4,FALSE)) | I17: =IF(OR(G17="", AD17=""),"", G17-AD17) | J17: =IF(OR(G17="", AD17=""),"", IF(G17=0,"",I17/G17)) | K17: =IF($C17="","",VLOOKUP($C17,Orders!$A$4:$J$303,5,FALSE)) | M17: =IF($L17="","",IF($K17="","",IF($L17<=$K17,"Y","N"))) | P17: =IF(OR($D17="",$L17=""),"",$L17-$D17) | AB17: {=IFERROR(INDEX(Bids!$AA:$AA, MATCH(C17&"|"&B17, Bids!$AD:$AD,0)),"")} | AC17: {=IFERROR(INDEX(Bids!$AB:$AB, MATCH(C17&"|"&B17, Bids!$AD:$AD,0)),"")} | AD17: {=IFERROR(INDEX(Bids!$AC:$AC, MATCH(C17&"|"&B17, Bids!$AD:$AD,0)), H17)} | AH17: =IF(C17="","",IF(AE17="Y",IF(AH17="",AD17,AH17),AD17)) | AI17: =IF(C17="","",IF(AE17="Y",IF(AI17="",0,AI17),0)) | AM17: {=IF(C17="","",IFERROR(XLOOKUP(C17,Orders!$A:$A,Orders!$E:$E,""),""))} | AN17: =IF(C17="","",IF(AL17<>"",AL17,IF(AK17<>"",AK17,IF(AJ17<>"",AJ17,AM17)))) | AO17: =IF(OR(L17="",AN17=""),"",IF(L17<=AN17,1,0)) | AP17: =IF(C17="","",AH17+AI17) | AQ17: =IF(OR(G17="",AP17=""),"",G17-AP17) | AR17: =IF(OR(G17="",AQ17=""),"",IF(G17=0,"",AQ17/G17)) | AS17: =IF(C17="","",IF(AE17="Y",-1,0)) | AT17: =IF(C17="","",IF(AND(AE17="Y",AF17<>"",E17="Completed"),1,0)) | AU17: =IF(C17="","",IF(AND(AE17="Y",AF17="",E17<>"Completed"),1,0))
F18: =IF($C18="","",VLOOKUP($C18,Orders!$A$4:$J$303,3,FALSE)) | G18: =IF($C18="","",VLOOKUP($C18,Orders!$A$4:$J$303,4,FALSE)) | I18: =IF(OR(G18="", AD18=""),"", G18-AD18) | J18: =IF(OR(G18="", AD18=""),"", IF(G18=0,"",I18/G18)) | K18: =IF($C18="","",VLOOKUP($C18,Orders!$A$4:$J$303,5,FALSE)) | M18: =IF($L18="","",IF($K18="","",IF($L18<=$K18,"Y","N"))) | P18: =IF(OR($D18="",$L18=""),"",$L18-$D18) | AB18: {=IFERROR(INDEX(Bids!$AA:$AA, MATCH(C18&"|"&B18, Bids!$AD:$AD,0)),"")} | AC18: {=IFERROR(INDEX(Bids!$AB:$AB, MATCH(C18&"|"&B18, Bids!$AD:$AD,0)),"")} | AD18: {=IFERROR(INDEX(Bids!$AC:$AC, MATCH(C18&"|"&B18, Bids!$AD:$AD,0)), H18)} | AH18: =IF(C18="","",IF(AE18="Y",IF(AH18="",AD18,AH18),AD18)) | AI18: =IF(C18="","",IF(AE18="Y",IF(AI18="",0,AI18),0)) | AM18: {=IF(C18="","",IFERROR(XLOOKUP(C18,Orders!$A:$A,Orders!$E:$E,""),""))} | AN18: =IF(C18="","",IF(AL18<>"",AL18,IF(AK18<>"",AK18,IF(AJ18<>"",AJ18,AM18)))) | AO18: =IF(OR(L18="",AN18=""),"",IF(L18<=AN18,1,0)) | AP18: =IF(C18="","",AH18+AI18) | AQ18: =IF(OR(G18="",AP18=""),"",G18-AP18) | AR18: =IF(OR(G18="",AQ18=""),"",IF(G18=0,"",AQ18/G18)) | AS18: =IF(C18="","",IF(AE18="Y",-1,0)) | AT18: =IF(C18="","",IF(AND(AE18="Y",AF18<>"",E18="Completed"),1,0)) | AU18: =IF(C18="","",IF(AND(AE18="Y",AF18="",E18<>"Completed"),1,0))
... F305: =IF($C305="","",VLOOKUP($C305,Orders!$A$4:$J$303,3,FALSE)) | G305: =IF($C305="","",VLOOKUP($C305,Orders!$A$4:$J$303,4,FALSE)) | I305: =IF(OR(G305="", AD305=""),"", G305-AD305) | J305: =IF(OR(G305="", AD305=""),"", IF(G305=0,"",I305/G305)) | K305: =IF($C305="","",VLOOKUP($C305,Orders!$A$4:$J$303,5,FALSE)) | M305: =IF($L305="","",IF($K305="","",IF($L305<=$K305,"Y","N"))) | P305: =IF(OR($D305="",$L305=""),"",$L305-$D305) | AB305: {=IFERROR(INDEX(Bids!$AA:$AA, MATCH(C305&"|"&B305, Bids!$AD:$AD,0)),"")} | AC305: {=IFERROR(INDEX(Bids!$AB:$AB, MATCH(C305&"|"&B305, Bids!$AD:$AD,0)),"")} | AD305: {=IFERROR(INDEX(Bids!$AC:$AC, MATCH(C305&"|"&B305, Bids!$AD:$AD,0)), H305)} | AH305: =IF(C305="","",IF(AE305="Y",IF(AH305="",AD305,AH305),AD305)) | AI305: =IF(C305="","",IF(AE305="Y",IF(AI305="",0,AI305),0)) | AM305: {=IF(C305="","",IFERROR(XLOOKUP(C305,Orders!$A:$A,Orders!$E:$E,""),""))} | AN305: =IF(C305="","",IF(AL305<>"",AL305,IF(AK305<>"",AK305,IF(AJ305<>"",AJ305,AM305)))) | AO305: =IF(OR(L305="",AN305=""),"",IF(L305<=AN305,1,0)) | AP305: =IF(C305="","",AH305+AI305) | AQ305: =IF(OR(G305="",AP305=""),"",G305-AP305) | AR305: =IF(OR(G305="",AQ305=""),"",IF(G305=0,"",AQ305/G305)) | AS305: =IF(C305="","",IF(AE305="Y",-1,0)) | AT305: =IF(C305="","",IF(AND(AE305="Y",AF305<>"",E305="Completed"),1,0)) | AU305: =IF(C305="","",IF(AND(AE305="Y",AF305="",E305<>"Completed"),1,0))
I306: =IF(OR(G306="", AD306=""),"", G306-AD306) | J306: =IF(OR(G306="", AD306=""),"", IF(G306=0,"",I306/G306)) | P306: =IF(OR($D306="",$L306=""),"",$L306-$D306) | AB306: {=IFERROR(INDEX(Bids!$AA:$AA, MATCH(C306&"|"&B306, Bids!$AD:$AD,0)),"")} | AC306: {=IFERROR(INDEX(Bids!$AB:$AB, MATCH(C306&"|"&B306, Bids!$AD:$AD,0)),"")} | AD306: {=IFERROR(INDEX(Bids!$AC:$AC, MATCH(C306&"|"&B306, Bids!$AD:$AD,0)), H306)} | AH306: =IF(C306="","",IF(AE306="Y",IF(AH306="",AD306,AH306),AD306)) | AI306: =IF(C306="","",IF(AE306="Y",IF(AI306="",0,AI306),0)) | AM306: {=IF(C306="","",IFERROR(XLOOKUP(C306,Orders!$A:$A,Orders!$E:$E,""),""))} | AN306: =IF(C306="","",IF(AL306<>"",AL306,IF(AK306<>"",AK306,IF(AJ306<>"",AJ306,AM306)))) | AO306: =IF(OR(L306="",AN306=""),"",IF(L306<=AN306,1,0)) | AP306: =IF(C306="","",AH306+AI306) | AQ306: =IF(OR(G306="",AP306=""),"",G306-AP306) | AR306: =IF(OR(G306="",AQ306=""),"",IF(G306=0,"",AQ306/G306)) | AS306: =IF(C306="","",IF(AE306="Y",-1,0)) | AT306: =IF(C306="","",IF(AND(AE306="Y",AF306<>"",E306="Completed"),1,0)) | AU306: =IF(C306="","",IF(AND(AE306="Y",AF306="",E306<>"Completed"),1,0))
I307: =IF(OR(G307="", AD307=""),"", G307-AD307) | J307: =IF(OR(G307="", AD307=""),"", IF(G307=0,"",I307/G307)) | P307: =IF(OR($D307="",$L307=""),"",$L307-$D307) | AB307: {=IFERROR(INDEX(Bids!$AA:$AA, MATCH(C307&"|"&B307, Bids!$AD:$AD,0)),"")} | AC307: {=IFERROR(INDEX(Bids!$AB:$AB, MATCH(C307&"|"&B307, Bids!$AD:$AD,0)),"")} | AD307: {=IFERROR(INDEX(Bids!$AC:$AC, MATCH(C307&"|"&B307, Bids!$AD:$AD,0)), H307)} | AH307: =IF(C307="","",IF(AE307="Y",IF(AH307="",AD307,AH307),AD307)) | AI307: =IF(C307="","",IF(AE307="Y",IF(AI307="",0,AI307),0)) | AM307: {=IF(C307="","",IFERROR(XLOOKUP(C307,Orders!$A:$A,Orders!$E:$E,""),""))} | AN307: =IF(C307="","",IF(AL307<>"",AL307,IF(AK307<>"",AK307,IF(AJ307<>"",AJ307,AM307)))) | AO307: =IF(OR(L307="",AN307=""),"",IF(L307<=AN307,1,0)) | AP307: =IF(C307="","",AH307+AI307) | AQ307: =IF(OR(G307="",AP307=""),"",G307-AP307) | AR307: =IF(OR(G307="",AQ307=""),"",IF(G307=0,"",AQ307/G307)) | AS307: =IF(C307="","",IF(AE307="Y",-1,0)) | AT307: =IF(C307="","",IF(AND(AE307="Y",AF307<>"",E307="Completed"),1,0)) | AU307: =IF(C307="","",IF(AND(AE307="Y",AF307="",E307<>"Completed"),1,0))
I308: =IF(OR(G308="", AD308=""),"", G308-AD308) | J308: =IF(OR(G308="", AD308=""),"", IF(G308=0,"",I308/G308)) | P308: =IF(OR($D308="",$L308=""),"",$L308-$D308) | AB308: {=IFERROR(INDEX(Bids!$AA:$AA, MATCH(C308&"|"&B308, Bids!$AD:$AD,0)),"")} | AC308: {=IFERROR(INDEX(Bids!$AB:$AB, MATCH(C308&"|"&B308, Bids!$AD:$AD,0)),"")} | AD308: {=IFERROR(INDEX(Bids!$AC:$AC, MATCH(C308&"|"&B308, Bids!$AD:$AD,0)), H308)} | AH308: =IF(C308="","",IF(AE308="Y",IF(AH308="",AD308,AH308),AD308)) | AI308: =IF(C308="","",IF(AE308="Y",IF(AI308="",0,AI308),0)) | AM308: {=IF(C308="","",IFERROR(XLOOKUP(C308,Orders!$A:$A,Orders!$E:$E,""),""))} | AN308: =IF(C308="","",IF(AL308<>"",AL308,IF(AK308<>"",AK308,IF(AJ308<>"",AJ308,AM308)))) | AO308: =IF(OR(L308="",AN308=""),"",IF(L308<=AN308,1,0)) | AP308: =IF(C308="","",AH308+AI308) | AQ308: =IF(OR(G308="",AP308=""),"",G308-AP308) | AR308: =IF(OR(G308="",AQ308=""),"",IF(G308=0,"",AQ308/G308)) | AS308: =IF(C308="","",IF(AE308="Y",-1,0)) | AT308: =IF(C308="","",IF(AND(AE308="Y",AF308<>"",E308="Completed"),1,0)) | AU308: =IF(C308="","",IF(AND(AE308="Y",AF308="",E308<>"Completed"),1,0))
I309: =IF(OR(G309="", AD309=""),"", G309-AD309) | J309: =IF(OR(G309="", AD309=""),"", IF(G309=0,"",I309/G309)) | P309: =IF(OR($D309="",$L309=""),"",$L309-$D309) | AB309: {=IFERROR(INDEX(Bids!$AA:$AA, MATCH(C309&"|"&B309, Bids!$AD:$AD,0)),"")} | AC309: {=IFERROR(INDEX(Bids!$AB:$AB, MATCH(C309&"|"&B309, Bids!$AD:$AD,0)),"")} | AD309: {=IFERROR(INDEX(Bids!$AC:$AC, MATCH(C309&"|"&B309, Bids!$AD:$AD,0)), H309)} | AH309: =IF(C309="","",IF(AE309="Y",IF(AH309="",AD309,AH309),AD309)) | AI309: =IF(C309="","",IF(AE309="Y",IF(AI309="",0,AI309),0)) | AM309: {=IF(C309="","",IFERROR(XLOOKUP(C309,Orders!$A:$A,Orders!$E:$E,""),""))} | AN309: =IF(C309="","",IF(AL309<>"",AL309,IF(AK309<>"",AK309,IF(AJ309<>"",AJ309,AM309)))) | AO309: =IF(OR(L309="",AN309=""),"",IF(L309<=AN309,1,0)) | AP309: =IF(C309="","",AH309+AI309) | AQ309: =IF(OR(G309="",AP309=""),"",G309-AP309) | AR309: =IF(OR(G309="",AQ309=""),"",IF(G309=0,"",AQ309/G309)) | AS309: =IF(C309="","",IF(AE309="Y",-1,0)) | AT309: =IF(C309="","",IF(AND(AE309="Y",AF309<>"",E309="Completed"),1,0)) | AU309: =IF(C309="","",IF(AND(AE309="Y",AF309="",E309<>"Completed"),1,0))
I310: =IF(OR(G310="", AD310=""),"", G310-AD310) | J310: =IF(OR(G310="", AD310=""),"", IF(G310=0,"",I310/G310)) | P310: =IF(OR($D310="",$L310=""),"",$L310-$D310) | AB310: {=IFERROR(INDEX(Bids!$AA:$AA, MATCH(C310&"|"&B310, Bids!$AD:$AD,0)),"")} | AC310: {=IFERROR(INDEX(Bids!$AB:$AB, MATCH(C310&"|"&B310, Bids!$AD:$AD,0)),"")} | AD310: {=IFERROR(INDEX(Bids!$AC:$AC, MATCH(C310&"|"&B310, Bids!$AD:$AD,0)), H310)} | AH310: =IF(C310="","",IF(AE310="Y",IF(AH310="",AD310,AH310),AD310)) | AI310: =IF(C310="","",IF(AE310="Y",IF(AI310="",0,AI310),0)) | AM310: {=IF(C310="","",IFERROR(XLOOKUP(C310,Orders!$A:$A,Orders!$E:$E,""),""))} | AN310: =IF(C310="","",IF(AL310<>"",AL310,IF(AK310<>"",AK310,IF(AJ310<>"",AJ310,AM310)))) | AO310: =IF(OR(L310="",AN310=""),"",IF(L310<=AN310,1,0)) | AP310: =IF(C310="","",AH310+AI310) | AQ310: =IF(OR(G310="",AP310=""),"",G310-AP310) | AR310: =IF(OR(G310="",AQ310=""),"",IF(G310=0,"",AQ310/G310)) | AS310: =IF(C310="","",IF(AE310="Y",-1,0)) | AT310: =IF(C310="","",IF(AND(AE310="Y",AF310<>"",E310="Completed"),1,0)) | AU310: =IF(C310="","",IF(AND(AE310="Y",AF310="",E310<>"Completed"),1,0))
I311: =IF(OR(G311="", AD311=""),"", G311-AD311) | J311: =IF(OR(G311="", AD311=""),"", IF(G311=0,"",I311/G311)) | P311: =IF(OR($D311="",$L311=""),"",$L311-$D311) | AB311: {=IFERROR(INDEX(Bids!$AA:$AA, MATCH(C311&"|"&B311, Bids!$AD:$AD,0)),"")} | AC311: {=IFERROR(INDEX(Bids!$AB:$AB, MATCH(C311&"|"&B311, Bids!$AD:$AD,0)),"")} | AD311: {=IFERROR(INDEX(Bids!$AC:$AC, MATCH(C311&"|"&B311, Bids!$AD:$AD,0)), H311)} | AH311: =IF(C311="","",IF(AE311="Y",IF(AH311="",AD311,AH311),AD311)) | AI311: =IF(C311="","",IF(AE311="Y",IF(AI311="",0,AI311),0)) | AM311: {=IF(C311="","",IFERROR(XLOOKUP(C311,Orders!$A:$A,Orders!$E:$E,""),""))} | AN311: =IF(C311="","",IF(AL311<>"",AL311,IF(AK311<>"",AK311,IF(AJ311<>"",AJ311,AM311)))) | AO311: =IF(OR(L311="",AN311=""),"",IF(L311<=AN311,1,0)) | AP311: =IF(C311="","",AH311+AI311) | AQ311: =IF(OR(G311="",AP311=""),"",G311-AP311) | AR311: =IF(OR(G311="",AQ311=""),"",IF(G311=0,"",AQ311/G311)) | AS311: =IF(C311="","",IF(AE311="Y",-1,0)) | AT311: =IF(C311="","",IF(AND(AE311="Y",AF311<>"",E311="Completed"),1,0)) | AU311: =IF(C311="","",IF(AND(AE311="Y",AF311="",E311<>"Completed"),1,0))
I312: =IF(OR(G312="", AD312=""),"", G312-AD312) | J312: =IF(OR(G312="", AD312=""),"", IF(G312=0,"",I312/G312)) | P312: =IF(OR($D312="",$L312=""),"",$L312-$D312) | AB312: {=IFERROR(INDEX(Bids!$AA:$AA, MATCH(C312&"|"&B312, Bids!$AD:$AD,0)),"")} | AC312: {=IFERROR(INDEX(Bids!$AB:$AB, MATCH(C312&"|"&B312, Bids!$AD:$AD,0)),"")} | AD312: {=IFERROR(INDEX(Bids!$AC:$AC, MATCH(C312&"|"&B312, Bids!$AD:$AD,0)), H312)} | AH312: =IF(C312="","",IF(AE312="Y",IF(AH312="",AD312,AH312),AD312)) | AI312: =IF(C312="","",IF(AE312="Y",IF(AI312="",0,AI312),0)) | AM312: {=IF(C312="","",IFERROR(XLOOKUP(C312,Orders!$A:$A,Orders!$E:$E,""),""))} | AN312: =IF(C312="","",IF(AL312<>"",AL312,IF(AK312<>"",AK312,IF(AJ312<>"",AJ312,AM312)))) | AO312: =IF(OR(L312="",AN312=""),"",IF(L312<=AN312,1,0)) | AP312: =IF(C312="","",AH312+AI312) | AQ312: =IF(OR(G312="",AP312=""),"",G312-AP312) | AR312: =IF(OR(G312="",AQ312=""),"",IF(G312=0,"",AQ312/G312)) | AS312: =IF(C312="","",IF(AE312="Y",-1,0)) | AT312: =IF(C312="","",IF(AND(AE312="Y",AF312<>"",E312="Completed"),1,0)) | AU312: =IF(C312="","",IF(AND(AE312="Y",AF312="",E312<>"Completed"),1,0))
I313: =IF(OR(G313="", AD313=""),"", G313-AD313) | J313: =IF(OR(G313="", AD313=""),"", IF(G313=0,"",I313/G313)) | P313: =IF(OR($D313="",$L313=""),"",$L313-$D313) | AB313: {=IFERROR(INDEX(Bids!$AA:$AA, MATCH(C313&"|"&B313, Bids!$AD:$AD,0)),"")} | AC313: {=IFERROR(INDEX(Bids!$AB:$AB, MATCH(C313&"|"&B313, Bids!$AD:$AD,0)),"")} | AD313: {=IFERROR(INDEX(Bids!$AC:$AC, MATCH(C313&"|"&B313, Bids!$AD:$AD,0)), H313)} | AH313: =IF(C313="","",IF(AE313="Y",IF(AH313="",AD313,AH313),AD313)) | AI313: =IF(C313="","",IF(AE313="Y",IF(AI313="",0,AI313),0)) | AM313: {=IF(C313="","",IFERROR(XLOOKUP(C313,Orders!$A:$A,Orders!$E:$E,""),""))} | AN313: =IF(C313="","",IF(AL313<>"",AL313,IF(AK313<>"",AK313,IF(AJ313<>"",AJ313,AM313)))) | AO313: =IF(OR(L313="",AN313=""),"",IF(L313<=AN313,1,0)) | AP313: =IF(C313="","",AH313+AI313) | AQ313: =IF(OR(G313="",AP313=""),"",G313-AP313) | AR313: =IF(OR(G313="",AQ313=""),"",IF(G313=0,"",AQ313/G313)) | AS313: =IF(C313="","",IF(AE313="Y",-1,0)) | AT313: =IF(C313="","",IF(AND(AE313="Y",AF313<>"",E313="Completed"),1,0)) | AU313: =IF(C313="","",IF(AND(AE313="Y",AF313="",E313<>"Completed"),1,0))
I314: =IF(OR(G314="", AD314=""),"", G314-AD314) | J314: =IF(OR(G314="", AD314=""),"", IF(G314=0,"",I314/G314)) | P314: =IF(OR($D314="",$L314=""),"",$L314-$D314) | AB314: {=IFERROR(INDEX(Bids!$AA:$AA, MATCH(C314&"|"&B314, Bids!$AD:$AD,0)),"")} | AC314: {=IFERROR(INDEX(Bids!$AB:$AB, MATCH(C314&"|"&B314, Bids!$AD:$AD,0)),"")} | AD314: {=IFERROR(INDEX(Bids!$AC:$AC, MATCH(C314&"|"&B314, Bids!$AD:$AD,0)), H314)} | AH314: =IF(C314="","",IF(AE314="Y",IF(AH314="",AD314,AH314),AD314)) | AI314: =IF(C314="","",IF(AE314="Y",IF(AI314="",0,AI314),0)) | AM314: {=IF(C314="","",IFERROR(XLOOKUP(C314,Orders!$A:$A,Orders!$E:$E,""),""))} | AN314: =IF(C314="","",IF(AL314<>"",AL314,IF(AK314<>"",AK314,IF(AJ314<>"",AJ314,AM314)))) | AO314: =IF(OR(L314="",AN314=""),"",IF(L314<=AN314,1,0)) | AP314: =IF(C314="","",AH314+AI314) | AQ314: =IF(OR(G314="",AP314=""),"",G314-AP314) | AR314: =IF(OR(G314="",AQ314=""),"",IF(G314=0,"",AQ314/G314)) | AS314: =IF(C314="","",IF(AE314="Y",-1,0)) | AT314: =IF(C314="","",IF(AND(AE314="Y",AF314<>"",E314="Completed"),1,0)) | AU314: =IF(C314="","",IF(AND(AE314="Y",AF314="",E314<>"Completed"),1,0))
I315: =IF(OR(G315="", AD315=""),"", G315-AD315) | J315: =IF(OR(G315="", AD315=""),"", IF(G315=0,"",I315/G315)) | P315: =IF(OR($D315="",$L315=""),"",$L315-$D315) | AB315: {=IFERROR(INDEX(Bids!$AA:$AA, MATCH(C315&"|"&B315, Bids!$AD:$AD,0)),"")} | AC315: {=IFERROR(INDEX(Bids!$AB:$AB, MATCH(C315&"|"&B315, Bids!$AD:$AD,0)),"")} | AD315: {=IFERROR(INDEX(Bids!$AC:$AC, MATCH(C315&"|"&B315, Bids!$AD:$AD,0)), H315)} | AH315: =IF(C315="","",IF(AE315="Y",IF(AH315="",AD315,AH315),AD315)) | AI315: =IF(C315="","",IF(AE315="Y",IF(AI315="",0,AI315),0)) | AM315: {=IF(C315="","",IFERROR(XLOOKUP(C315,Orders!$A:$A,Orders!$E:$E,""),""))} | AN315: =IF(C315="","",IF(AL315<>"",AL315,IF(AK315<>"",AK315,IF(AJ315<>"",AJ315,AM315)))) | AO315: =IF(OR(L315="",AN315=""),"",IF(L315<=AN315,1,0)) | AP315: =IF(C315="","",AH315+AI315) | AQ315: =IF(OR(G315="",AP315=""),"",G315-AP315) | AR315: =IF(OR(G315="",AQ315=""),"",IF(G315=0,"",AQ315/G315)) | AS315: =IF(C315="","",IF(AE315="Y",-1,0)) | AT315: =IF(C315="","",IF(AND(AE315="Y",AF315<>"",E315="Completed"),1,0)) | AU315: =IF(C315="","",IF(AND(AE315="Y",AF315="",E315<>"Completed"),1,0))
I316: =IF(OR(G316="", AD316=""),"", G316-AD316) | J316: =IF(OR(G316="", AD316=""),"", IF(G316=0,"",I316/G316)) | P316: =IF(OR($D316="",$L316=""),"",$L316-$D316) | AB316: {=IFERROR(INDEX(Bids!$AA:$AA, MATCH(C316&"|"&B316, Bids!$AD:$AD,0)),"")} | AC316: {=IFERROR(INDEX(Bids!$AB:$AB, MATCH(C316&"|"&B316, Bids!$AD:$AD,0)),"")} | AD316: {=IFERROR(INDEX(Bids!$AC:$AC, MATCH(C316&"|"&B316, Bids!$AD:$AD,0)), H316)} | AH316: =IF(C316="","",IF(AE316="Y",IF(AH316="",AD316,AH316),AD316)) | AI316: =IF(C316="","",IF(AE316="Y",IF(AI316="",0,AI316),0)) | AM316: {=IF(C316="","",IFERROR(XLOOKUP(C316,Orders!$A:$A,Orders!$E:$E,""),""))} | AN316: =IF(C316="","",IF(AL316<>"",AL316,IF(AK316<>"",AK316,IF(AJ316<>"",AJ316,AM316)))) | AO316: =IF(OR(L316="",AN316=""),"",IF(L316<=AN316,1,0)) | AP316: =IF(C316="","",AH316+AI316) | AQ316: =IF(OR(G316="",AP316=""),"",G316-AP316) | AR316: =IF(OR(G316="",AQ316=""),"",IF(G316=0,"",AQ316/G316)) | AS316: =IF(C316="","",IF(AE316="Y",-1,0)) | AT316: =IF(C316="","",IF(AND(AE316="Y",AF316<>"",E316="Completed"),1,0)) | AU316: =IF(C316="","",IF(AND(AE316="Y",AF316="",E316<>"Completed"),1,0))
I317: =IF(OR(G317="", AD317=""),"", G317-AD317) | J317: =IF(OR(G317="", AD317=""),"", IF(G317=0,"",I317/G317)) | P317: =IF(OR($D317="",$L317=""),"",$L317-$D317) | AB317: {=IFERROR(INDEX(Bids!$AA:$AA, MATCH(C317&"|"&B317, Bids!$AD:$AD,0)),"")} | AC317: {=IFERROR(INDEX(Bids!$AB:$AB, MATCH(C317&"|"&B317, Bids!$AD:$AD,0)),"")} | AD317: {=IFERROR(INDEX(Bids!$AC:$AC, MATCH(C317&"|"&B317, Bids!$AD:$AD,0)), H317)} | AH317: =IF(C317="","",IF(AE317="Y",IF(AH317="",AD317,AH317),AD317)) | AI317: =IF(C317="","",IF(AE317="Y",IF(AI317="",0,AI317),0)) | AM317: {=IF(C317="","",IFERROR(XLOOKUP(C317,Orders!$A:$A,Orders!$E:$E,""),""))} | AN317: =IF(C317="","",IF(AL317<>"",AL317,IF(AK317<>"",AK317,IF(AJ317<>"",AJ317,AM317)))) | AO317: =IF(OR(L317="",AN317=""),"",IF(L317<=AN317,1,0)) | AP317: =IF(C317="","",AH317+AI317) | AQ317: =IF(OR(G317="",AP317=""),"",G317-AP317) | AR317: =IF(OR(G317="",AQ317=""),"",IF(G317=0,"",AQ317/G317)) | AS317: =IF(C317="","",IF(AE317="Y",-1,0)) | AT317: =IF(C317="","",IF(AND(AE317="Y",AF317<>"",E317="Completed"),1,0)) | AU317: =IF(C317="","",IF(AND(AE317="Y",AF317="",E317<>"Completed"),1,0))
... I504: =IF(OR(G504="", AD504=""),"", G504-AD504) | J504: =IF(OR(G504="", AD504=""),"", IF(G504=0,"",I504/G504)) | P504: =IF(OR($D504="",$L504=""),"",$L504-$D504) | AB504: {=IFERROR(INDEX(Bids!$AA:$AA, MATCH(C504&"|"&B504, Bids!$AD:$AD,0)),"")} | AC504: {=IFERROR(INDEX(Bids!$AB:$AB, MATCH(C504&"|"&B504, Bids!$AD:$AD,0)),"")} | AD504: {=IFERROR(INDEX(Bids!$AC:$AC, MATCH(C504&"|"&B504, Bids!$AD:$AD,0)), H504)} | AH504: =IF(C504="","",IF(AE504="Y",IF(AH504="",AD504,AH504),AD504)) | AI504: =IF(C504="","",IF(AE504="Y",IF(AI504="",0,AI504),0)) | AM504: {=IF(C504="","",IFERROR(XLOOKUP(C504,Orders!$A:$A,Orders!$E:$E,""),""))} | AN504: =IF(C504="","",IF(AL504<>"",AL504,IF(AK504<>"",AK504,IF(AJ504<>"",AJ504,AM504)))) | AO504: =IF(OR(L504="",AN504=""),"",IF(L504<=AN504,1,0)) | AP504: =IF(C504="","",AH504+AI504) | AQ504: =IF(OR(G504="",AP504=""),"",G504-AP504) | AR504: =IF(OR(G504="",AQ504=""),"",IF(G504=0,"",AQ504/G504)) | AS504: =IF(C504="","",IF(AE504="Y",-1,0)) | AT504: =IF(C504="","",IF(AND(AE504="Y",AF504<>"",E504="Completed"),1,0)) | AU504: =IF(C504="","",IF(AND(AE504="Y",AF504="",E504<>"Completed"),1,0))
P505: =IF(OR($D505="",$L505=""),"",$L505-$D505) | AH505: =IF(C505="","",IF(AE505="Y",IF(AH505="",AD505,AH505),AD505)) | AI505: =IF(C505="","",IF(AE505="Y",IF(AI505="",0,AI505),0)) | AM505: {=IF(C505="","",IFERROR(XLOOKUP(C505,Orders!$A:$A,Orders!$E:$E,""),""))} | AN505: =IF(C505="","",IF(AL505<>"",AL505,IF(AK505<>"",AK505,IF(AJ505<>"",AJ505,AM505)))) | AO505: =IF(OR(L505="",AN505=""),"",IF(L505<=AN505,1,0)) | AP505: =IF(C505="","",AH505+AI505) | AQ505: =IF(OR(G505="",AP505=""),"",G505-AP505) | AR505: =IF(OR(G505="",AQ505=""),"",IF(G505=0,"",AQ505/G505)) | AS505: =IF(C505="","",IF(AE505="Y",-1,0)) | AT505: =IF(C505="","",IF(AND(AE505="Y",AF505<>"",E505="Completed"),1,0)) | AU505: =IF(C505="","",IF(AND(AE505="Y",AF505="",E505<>"Completed"),1,0))
P506: =IF(OR($D506="",$L506=""),"",$L506-$D506) | AH506: =IF(C506="","",IF(AE506="Y",IF(AH506="",AD506,AH506),AD506)) | AI506: =IF(C506="","",IF(AE506="Y",IF(AI506="",0,AI506),0)) | AM506: {=IF(C506="","",IFERROR(XLOOKUP(C506,Orders!$A:$A,Orders!$E:$E,""),""))} | AN506: =IF(C506="","",IF(AL506<>"",AL506,IF(AK506<>"",AK506,IF(AJ506<>"",AJ506,AM506)))) | AO506: =IF(OR(L506="",AN506=""),"",IF(L506<=AN506,1,0)) | AP506: =IF(C506="","",AH506+AI506) | AQ506: =IF(OR(G506="",AP506=""),"",G506-AP506) | AR506: =IF(OR(G506="",AQ506=""),"",IF(G506=0,"",AQ506/G506)) | AS506: =IF(C506="","",IF(AE506="Y",-1,0)) | AT506: =IF(C506="","",IF(AND(AE506="Y",AF506<>"",E506="Completed"),1,0)) | AU506: =IF(C506="","",IF(AND(AE506="Y",AF506="",E506<>"Completed"),1,0))
P507: =IF(OR($D507="",$L507=""),"",$L507-$D507) | AH507: =IF(C507="","",IF(AE507="Y",IF(AH507="",AD507,AH507),AD507)) | AI507: =IF(C507="","",IF(AE507="Y",IF(AI507="",0,AI507),0)) | AM507: {=IF(C507="","",IFERROR(XLOOKUP(C507,Orders!$A:$A,Orders!$E:$E,""),""))} | AN507: =IF(C507="","",IF(AL507<>"",AL507,IF(AK507<>"",AK507,IF(AJ507<>"",AJ507,AM507)))) | AO507: =IF(OR(L507="",AN507=""),"",IF(L507<=AN507,1,0)) | AP507: =IF(C507="","",AH507+AI507) | AQ507: =IF(OR(G507="",AP507=""),"",G507-AP507) | AR507: =IF(OR(G507="",AQ507=""),"",IF(G507=0,"",AQ507/G507)) | AS507: =IF(C507="","",IF(AE507="Y",-1,0)) | AT507: =IF(C507="","",IF(AND(AE507="Y",AF507<>"",E507="Completed"),1,0)) | AU507: =IF(C507="","",IF(AND(AE507="Y",AF507="",E507<>"Completed"),1,0))
P508: =IF(OR($D508="",$L508=""),"",$L508-$D508) | AH508: =IF(C508="","",IF(AE508="Y",IF(AH508="",AD508,AH508),AD508)) | AI508: =IF(C508="","",IF(AE508="Y",IF(AI508="",0,AI508),0)) | AM508: {=IF(C508="","",IFERROR(XLOOKUP(C508,Orders!$A:$A,Orders!$E:$E,""),""))} | AN508: =IF(C508="","",IF(AL508<>"",AL508,IF(AK508<>"",AK508,IF(AJ508<>"",AJ508,AM508)))) | AO508: =IF(OR(L508="",AN508=""),"",IF(L508<=AN508,1,0)) | AP508: =IF(C508="","",AH508+AI508) | AQ508: =IF(OR(G508="",AP508=""),"",G508-AP508) | AR508: =IF(OR(G508="",AQ508=""),"",IF(G508=0,"",AQ508/G508)) | AS508: =IF(C508="","",IF(AE508="Y",-1,0)) | AT508: =IF(C508="","",IF(AND(AE508="Y",AF508<>"",E508="Completed"),1,0)) | AU508: =IF(C508="","",IF(AND(AE508="Y",AF508="",E508<>"Completed"),1,0))
P509: =IF(OR($D509="",$L509=""),"",$L509-$D509) | AH509: =IF(C509="","",IF(AE509="Y",IF(AH509="",AD509,AH509),AD509)) | AI509: =IF(C509="","",IF(AE509="Y",IF(AI509="",0,AI509),0)) | AM509: {=IF(C509="","",IFERROR(XLOOKUP(C509,Orders!$A:$A,Orders!$E:$E,""),""))} | AN509: =IF(C509="","",IF(AL509<>"",AL509,IF(AK509<>"",AK509,IF(AJ509<>"",AJ509,AM509)))) | AO509: =IF(OR(L509="",AN509=""),"",IF(L509<=AN509,1,0)) | AP509: =IF(C509="","",AH509+AI509) | AQ509: =IF(OR(G509="",AP509=""),"",G509-AP509) | AR509: =IF(OR(G509="",AQ509=""),"",IF(G509=0,"",AQ509/G509)) | AS509: =IF(C509="","",IF(AE509="Y",-1,0)) | AT509: =IF(C509="","",IF(AND(AE509="Y",AF509<>"",E509="Completed"),1,0)) | AU509: =IF(C509="","",IF(AND(AE509="Y",AF509="",E509<>"Completed"),1,0))
P510: =IF(OR($D510="",$L510=""),"",$L510-$D510) | AH510: =IF(C510="","",IF(AE510="Y",IF(AH510="",AD510,AH510),AD510)) | AI510: =IF(C510="","",IF(AE510="Y",IF(AI510="",0,AI510),0)) | AM510: {=IF(C510="","",IFERROR(XLOOKUP(C510,Orders!$A:$A,Orders!$E:$E,""),""))} | AN510: =IF(C510="","",IF(AL510<>"",AL510,IF(AK510<>"",AK510,IF(AJ510<>"",AJ510,AM510)))) | AO510: =IF(OR(L510="",AN510=""),"",IF(L510<=AN510,1,0)) | AP510: =IF(C510="","",AH510+AI510) | AQ510: =IF(OR(G510="",AP510=""),"",G510-AP510) | AR510: =IF(OR(G510="",AQ510=""),"",IF(G510=0,"",AQ510/G510)) | AS510: =IF(C510="","",IF(AE510="Y",-1,0)) | AT510: =IF(C510="","",IF(AND(AE510="Y",AF510<>"",E510="Completed"),1,0)) | AU510: =IF(C510="","",IF(AND(AE510="Y",AF510="",E510<>"Completed"),1,0))
P511: =IF(OR($D511="",$L511=""),"",$L511-$D511) | AH511: =IF(C511="","",IF(AE511="Y",IF(AH511="",AD511,AH511),AD511)) | AI511: =IF(C511="","",IF(AE511="Y",IF(AI511="",0,AI511),0)) | AM511: {=IF(C511="","",IFERROR(XLOOKUP(C511,Orders!$A:$A,Orders!$E:$E,""),""))} | AN511: =IF(C511="","",IF(AL511<>"",AL511,IF(AK511<>"",AK511,IF(AJ511<>"",AJ511,AM511)))) | AO511: =IF(OR(L511="",AN511=""),"",IF(L511<=AN511,1,0)) | AP511: =IF(C511="","",AH511+AI511) | AQ511: =IF(OR(G511="",AP511=""),"",G511-AP511) | AR511: =IF(OR(G511="",AQ511=""),"",IF(G511=0,"",AQ511/G511)) | AS511: =IF(C511="","",IF(AE511="Y",-1,0)) | AT511: =IF(C511="","",IF(AND(AE511="Y",AF511<>"",E511="Completed"),1,0)) | AU511: =IF(C511="","",IF(AND(AE511="Y",AF511="",E511<>"Completed"),1,0))
P512: =IF(OR($D512="",$L512=""),"",$L512-$D512) | AH512: =IF(C512="","",IF(AE512="Y",IF(AH512="",AD512,AH512),AD512)) | AI512: =IF(C512="","",IF(AE512="Y",IF(AI512="",0,AI512),0)) | AM512: {=IF(C512="","",IFERROR(XLOOKUP(C512,Orders!$A:$A,Orders!$E:$E,""),""))} | AN512: =IF(C512="","",IF(AL512<>"",AL512,IF(AK512<>"",AK512,IF(AJ512<>"",AJ512,AM512)))) | AO512: =IF(OR(L512="",AN512=""),"",IF(L512<=AN512,1,0)) | AP512: =IF(C512="","",AH512+AI512) | AQ512: =IF(OR(G512="",AP512=""),"",G512-AP512) | AR512: =IF(OR(G512="",AQ512=""),"",IF(G512=0,"",AQ512/G512)) | AS512: =IF(C512="","",IF(AE512="Y",-1,0)) | AT512: =IF(C512="","",IF(AND(AE512="Y",AF512<>"",E512="Completed"),1,0)) | AU512: =IF(C512="","",IF(AND(AE512="Y",AF512="",E512<>"Completed"),1,0))
P513: =IF(OR($D513="",$L513=""),"",$L513-$D513) | AH513: =IF(C513="","",IF(AE513="Y",IF(AH513="",AD513,AH513),AD513)) | AI513: =IF(C513="","",IF(AE513="Y",IF(AI513="",0,AI513),0)) | AM513: {=IF(C513="","",IFERROR(XLOOKUP(C513,Orders!$A:$A,Orders!$E:$E,""),""))} | AN513: =IF(C513="","",IF(AL513<>"",AL513,IF(AK513<>"",AK513,IF(AJ513<>"",AJ513,AM513)))) | AO513: =IF(OR(L513="",AN513=""),"",IF(L513<=AN513,1,0)) | AP513: =IF(C513="","",AH513+AI513) | AQ513: =IF(OR(G513="",AP513=""),"",G513-AP513) | AR513: =IF(OR(G513="",AQ513=""),"",IF(G513=0,"",AQ513/G513)) | AS513: =IF(C513="","",IF(AE513="Y",-1,0)) | AT513: =IF(C513="","",IF(AND(AE513="Y",AF513<>"",E513="Completed"),1,0)) | AU513: =IF(C513="","",IF(AND(AE513="Y",AF513="",E513<>"Completed"),1,0))
P514: =IF(OR($D514="",$L514=""),"",$L514-$D514) | AH514: =IF(C514="","",IF(AE514="Y",IF(AH514="",AD514,AH514),AD514)) | AI514: =IF(C514="","",IF(AE514="Y",IF(AI514="",0,AI514),0)) | AM514: {=IF(C514="","",IFERROR(XLOOKUP(C514,Orders!$A:$A,Orders!$E:$E,""),""))} | AN514: =IF(C514="","",IF(AL514<>"",AL514,IF(AK514<>"",AK514,IF(AJ514<>"",AJ514,AM514)))) | AO514: =IF(OR(L514="",AN514=""),"",IF(L514<=AN514,1,0)) | AP514: =IF(C514="","",AH514+AI514) | AQ514: =IF(OR(G514="",AP514=""),"",G514-AP514) | AR514: =IF(OR(G514="",AQ514=""),"",IF(G514=0,"",AQ514/G514)) | AS514: =IF(C514="","",IF(AE514="Y",-1,0)) | AT514: =IF(C514="","",IF(AND(AE514="Y",AF514<>"",E514="Completed"),1,0)) | AU514: =IF(C514="","",IF(AND(AE514="Y",AF514="",E514<>"Completed"),1,0))
P515: =IF(OR($D515="",$L515=""),"",$L515-$D515) | AH515: =IF(C515="","",IF(AE515="Y",IF(AH515="",AD515,AH515),AD515)) | AI515: =IF(C515="","",IF(AE515="Y",IF(AI515="",0,AI515),0)) | AM515: {=IF(C515="","",IFERROR(XLOOKUP(C515,Orders!$A:$A,Orders!$E:$E,""),""))} | AN515: =IF(C515="","",IF(AL515<>"",AL515,IF(AK515<>"",AK515,IF(AJ515<>"",AJ515,AM515)))) | AO515: =IF(OR(L515="",AN515=""),"",IF(L515<=AN515,1,0)) | AP515: =IF(C515="","",AH515+AI515) | AQ515: =IF(OR(G515="",AP515=""),"",G515-AP515) | AR515: =IF(OR(G515="",AQ515=""),"",IF(G515=0,"",AQ515/G515)) | AS515: =IF(C515="","",IF(AE515="Y",-1,0)) | AT515: =IF(C515="","",IF(AND(AE515="Y",AF515<>"",E515="Completed"),1,0)) | AU515: =IF(C515="","",IF(AND(AE515="Y",AF515="",E515<>"Completed"),1,0))
P516: =IF(OR($D516="",$L516=""),"",$L516-$D516) | AH516: =IF(C516="","",IF(AE516="Y",IF(AH516="",AD516,AH516),AD516)) | AI516: =IF(C516="","",IF(AE516="Y",IF(AI516="",0,AI516),0)) | AM516: {=IF(C516="","",IFERROR(XLOOKUP(C516,Orders!$A:$A,Orders!$E:$E,""),""))} | AN516: =IF(C516="","",IF(AL516<>"",AL516,IF(AK516<>"",AK516,IF(AJ516<>"",AJ516,AM516)))) | AO516: =IF(OR(L516="",AN516=""),"",IF(L516<=AN516,1,0)) | AP516: =IF(C516="","",AH516+AI516) | AQ516: =IF(OR(G516="",AP516=""),"",G516-AP516) | AR516: =IF(OR(G516="",AQ516=""),"",IF(G516=0,"",AQ516/G516)) | AS516: =IF(C516="","",IF(AE516="Y",-1,0)) | AT516: =IF(C516="","",IF(AND(AE516="Y",AF516<>"",E516="Completed"),1,0)) | AU516: =IF(C516="","",IF(AND(AE516="Y",AF516="",E516<>"Completed"),1,0))
... P1000: =IF(OR($D1000="",$L1000=""),"",$L1000-$D1000) | AH1000: =IF(C1000="","",IF(AE1000="Y",IF(AH1000="",AD1000,AH1000),AD1000)) | AI1000: =IF(C1000="","",IF(AE1000="Y",IF(AI1000="",0,AI1000),0)) | AM1000: {=IF(C1000="","",IFERROR(XLOOKUP(C1000,Orders!$A:$A,Orders!$E:$E,""),""))} | AN1000: =IF(C1000="","",IF(AL1000<>"",AL1000,IF(AK1000<>"",AK1000,IF(AJ1000<>"",AJ1000,AM1000)))) | AO1000: =IF(OR(L1000="",AN1000=""),"",IF(L1000<=AN1000,1,0)) | AP1000: =IF(C1000="","",AH1000+AI1000) | AQ1000: =IF(OR(G1000="",AP1000=""),"",G1000-AP1000) | AR1000: =IF(OR(G1000="",AQ1000=""),"",IF(G1000=0,"",AQ1000/G1000)) | AS1000: =IF(C1000="","",IF(AE1000="Y",-1,0)) | AT1000: =IF(C1000="","",IF(AND(AE1000="Y",AF1000<>"",E1000="Completed"),1,0)) | AU1000: =IF(C1000="","",IF(AND(AE1000="Y",AF1000="",E1000<>"Completed"),1,0))

Sheet Queue_All
B1: Priority Queue — All Services | AJ1: QUEUE POSITION
A5: QUEUE POSITION | B5: BidID | C5: OrderID | D5: OrderStatus | E5: Service | F5: CustomerPrice | G5: DueDateTime | H5: Rush | I5: Complexity | J5: GrinderID | K5: GrinderName | L5: Tier | M5: Capacity | N5: ActiveOrders | O5: Utilization | P5: OrdersAssigned7d | Q5: DaysIdle | R5: FairnessScore | S5: BidAmount | T5: EstDeliveryDateTime | U5: Margin% | V5: ProfitScore | W5: TierScore | X5: DeliveryScore | Y5: QualityScore | Z5: ReliabilityScore | AA5: RiskScore | AB5: Eligible | AC5: FinalPriorityScore | AD5: RankWithinOrder | AE5: WinnerFlag | AF5: Why_Breakdown | AG5: LifetimeAssigned | AH5: NewGrinderBonus | AI5: HighValueEliteBonus | AK5: StrikePenalty | AL5: StrikeLockout | AM5: CounterPending | AN5: EmergencyFlag | AO5: EmergencyBoost
A6: =IFERROR(IF($AD6="","",IF($AD6=1,"🥇",IF($AD6=2,"🥈",IF($AD6=3,"🥉",$AD6)))),"") | B6: =IF(Bids!$A6="","",Bids!$A6) -> B2001 | C6: =IF(Bids!$B6="","",Bids!$B6) -> O1001 | D6: =IF($C6="","",IFERROR(VLOOKUP($C6,Orders!$A:$J,9,FALSE),"")) | E6: =IF($C6="","",IFERROR(VLOOKUP($C6,Orders!$A:$J,3,FALSE),"")) | F6: =IF($C6="","",IFERROR(VLOOKUP($C6,Orders!$A:$J,4,FALSE),"")) | G6: =IF($C6="","",IFERROR(VLOOKUP($C6,Orders!$A:$J,5,FALSE),"")) | H6: =IF($C6="","",IFERROR(VLOOKUP($C6,Orders!$A:$J,6,FALSE),"")) | I6: =IF($C6="","",IFERROR(VLOOKUP($C6,Orders!$A:$J,7,FALSE),"")) | J6: =IF(Bids!$C6="","",Bids!$C6) -> GRD-01 | K6: =IF($J6="","",IFERROR(VLOOKUP($J6,Grinders!$A:$N,2,FALSE),"")) -> 7unds | L6: =IF($J6="","",IFERROR(VLOOKUP($J6,Grinders!$A:$N,3,FALSE),"")) -> Regular | M6: =IF($J6="","",IFERROR(VLOOKUP($J6,Grinders!$A:$N,4,FALSE),"")) -> 3 | N6: =IF($J6="","",IFERROR(VLOOKUP($J6,Grinders!$A:$N,5,FALSE),"")) -> 1 | O6: =IF(OR($M6="",$M6=0),"",$N6/$M6) -> 0.33333333 | P6: =IF($J6="","",IFERROR(VLOOKUP($J6,Grinders!$A:$N,6,FALSE),"")) -> 0 | Q6: =IF($J6="","",IFERROR(VLOOKUP($J6,Grinders!$A:$N,8,FALSE),"")) -> -3 | R6: =IFERROR(IF($J6="","",IF($L6="Elite",MAX(50,MIN(100,Config!$B$27*MAX(0,MIN(100,(1-IF($O6="",0,$O6))*100)) + Config!$B$28*MAX(0,MIN(100,(1-MIN(1,IF(Config!$B$30=0,1,$P6/Config!$B$30)))*100)) + Config!$B$29*MAX(0,MIN(100,MIN(1,IF($Q6="",0,$Q6)/Config!$B$23)*100)))),MIN(100,Config!$B$27*MAX(0,MIN(100,(1-IF($O6="",0,$O6))*100)) + Config!$B$28*MAX(0,MIN(100,(1-MIN(1,IF(Config!$B$30=0,1,$P6/Config!$B$30)))*100)) + Config!$B$29*MAX(0,MIN(100,MIN(1,IF($Q6="",0,$Q6)/Config!$B$23)*100))))),"") -> 66.666667 | S6: =IF(Bids!$AC6="","",Bids!$AC6) -> 350 | T6: =IF(Bids!$F6="","",Bids!$F6) -> 46075.83 | U6: =IF(OR($F6="",$S6=""),"",IF($F6=0,"",($F6-$S6)/$F6)) | V6: =IF($U6="","",IF(Config!$B$17=Config!$B$16,IF($U6>=Config!$B$17,100,0),MAX(0,MIN(100,($U6-Config!$B$16)/(Config!$B$17-Config!$B$16)*100)))) | W6: =IF($L6="Elite",Config!$B$21,0) -> 0 | X6: =IFERROR(IF(OR($T6="",$G6=""),"",IF($T6>$G6, MAX(0, 60-(($T6-$G6)*24/Config!$B$19)*60), MEDIAN(60, 100, 60+(($G6-$T6)*24/Config!$B$20)*40) )),"") | Y6: =IF($J6="","",IFERROR(VLOOKUP($J6,Grinders!$A:$N,10,FALSE),"")) | Z6: =IF($J6="","",IFERROR(VLOOKUP($J6,Grinders!$A:$N,11,FALSE),"")) | AA6: =IF($J6="","",IFERROR(VLOOKUP($J6,Grinders!$A:$N,12,FALSE),"")) -> 0 | AB6: =IF(OR(AL6=1,AM6=1),0,=IFERROR(IF(OR($C6="",$J6=""),0,IF($D6<>"Open",0,IF(COUNTIFS(GrinderServices!$A:$A,$J6,GrinderServices!$B:$B,$E6,GrinderServices!$D:$D,"Y")=0,0,IF($U6<Config!$B$16,0,IF(Config!$B$18=1,IF($N6>=$M6,0,1),1))))),"")) -> #ERROR! | AC6: =IFERROR((IF(OR(AL6=1,AM6=1),"",=IFERROR((IFERROR(IF($AB6=0,"",((Config!$B$6*$V6 + Config!$B$7*$R6 + Config!$B$8*$W6 + Config!$B$9*$X6 + Config!$B$10*$Y6 + Config!$B$11*$Z6 - Config!$B$12*$AA6)/Config!$B$13)+$AH6+$AI6),""))*(1-IFERROR(VLOOKUP(J6,Grinders!$A:$AB, 28, FALSE),0)),"")))*(1+AO6),"") -> #ERROR! | AD6: =IFERROR(IF($AC6="","",IF(AND($L6="Elite",$AB6=1,$N6<$M6),MIN(1+COUNTIFS($C$6:$C$1000,$C6,$AB$6:$AB$1000,1,$AC$6:$AC$1000,">"&$AC6),ROUNDUP(COUNTIFS($C$6:$C$1000,$C6,$AB$6:$AB$1000,1)/2,0)),1+COUNTIFS($C$6:$C$1000,$C6,$AB$6:$AB$1000,1,$AC$6:$AC$1000,">"&$AC6))),"") | AE6: =IFERROR(__xludf.DUMMYFUNCTION("IF($AC6="""","""",IF($AC6=IFERROR(MAX(FILTER($AC$6:$AC$1000,$C$6:$C$1000=$C6,$AB$6:$AB$1000=1)),),""WINNER"",""""))"),"#ERROR!") -> #ERROR! | AF6: =IFERROR(IF($C6="","",TEXTJOIN(" | ",TRUE,"Profit "&TEXT($U6,"0%")&" (P "&ROUND($V6,0)&")","Fair "&ROUND($R6,0),"Load "&$N6&"/"&$M6,"Recent7d "&$P6,"NewGrinder "&IF($AG6=0,"YES",""),"HighValueElite +"&$AI6,"Bonus +"&ROUND($AH6+$AI6,1),"Tier "&$L6,"Score "&ROUND($AC6,1))),"") | AG6: =IF($J6="","",COUNTIF(Assignments!$B:$B,$J6)) -> 1 | AH6: =IF($J6="","",IF(AND($AG6=0,$N6<$M6),Config!$B$43,0)) -> 0 | AI6: =IF($J6="","",IF(AND($L6="Elite",$F6>=Config!$B$41,$N6<$M6),Config!$B$42,0)) -> 0 | AK6: =IFERROR(VLOOKUP(J6,Grinders!$A:$Q,28,FALSE),0) -> 0 | AL6: =IF(Config!$B$1003<>"Y",0,IF(IFERROR(VLOOKUP(J6,Grinders!$A:$P,27,FALSE),0)>=3,IF(OR(F6>=Config!$B$1001,ISNUMBER(SEARCH(E6,Config!$B$1002))),1,0),0)) -> 0 | AM6: {=IFERROR(IF(INDEX(Bids!$AE:$AE,MATCH(B6,Bids!$A:$A,0))="Pending",1,0),0)} -> 0 | AN6: {=IF(C6="","",IFERROR(XLOOKUP(C6,Assignments!$C:$C,Assignments!$AU:$AU,0),0))} -> 0 | AO6: =IF(AND(Config!$B$1006="Y",AN6=1),Config!$B$1007,0) -> 0
A7: =IFERROR(IF($AD7="","",IF($AD7=1,"🥇",IF($AD7=2,"🥈",IF($AD7=3,"🥉",$AD7)))),"") | B7: =IF(Bids!$A7="","",Bids!$A7) -> B2002 | C7: =IF(Bids!$B7="","",Bids!$B7) -> O1001 | D7: =IF($C7="","",IFERROR(VLOOKUP($C7,Orders!$A:$J,9,FALSE),"")) | E7: =IF($C7="","",IFERROR(VLOOKUP($C7,Orders!$A:$J,3,FALSE),"")) | F7: =IF($C7="","",IFERROR(VLOOKUP($C7,Orders!$A:$J,4,FALSE),"")) | G7: =IF($C7="","",IFERROR(VLOOKUP($C7,Orders!$A:$J,5,FALSE),"")) | H7: =IF($C7="","",IFERROR(VLOOKUP($C7,Orders!$A:$J,6,FALSE),"")) | I7: =IF($C7="","",IFERROR(VLOOKUP($C7,Orders!$A:$J,7,FALSE),"")) | J7: =IF(Bids!$C7="","",Bids!$C7) -> G002 | K7: =IF($J7="","",IFERROR(VLOOKUP($J7,Grinders!$A:$N,2,FALSE),"")) | L7: =IF($J7="","",IFERROR(VLOOKUP($J7,Grinders!$A:$N,3,FALSE),"")) | M7: =IF($J7="","",IFERROR(VLOOKUP($J7,Grinders!$A:$N,4,FALSE),"")) | N7: =IF($J7="","",IFERROR(VLOOKUP($J7,Grinders!$A:$N,5,FALSE),"")) | O7: =IF(OR($M7="",$M7=0),"",$N7/$M7) | P7: =IF($J7="","",IFERROR(VLOOKUP($J7,Grinders!$A:$N,6,FALSE),"")) | Q7: =IF($J7="","",IFERROR(VLOOKUP($J7,Grinders!$A:$N,8,FALSE),"")) | R7: =IFERROR(IF($J7="","",IF($L7="Elite",MAX(50,MIN(100,Config!$B$27*MAX(0,MIN(100,(1-IF($O7="",0,$O7))*100)) + Config!$B$28*MAX(0,MIN(100,(1-MIN(1,IF(Config!$B$30=0,1,$P7/Config!$B$30)))*100)) + Config!$B$29*MAX(0,MIN(100,MIN(1,IF($Q7="",0,$Q7)/Config!$B$23)*100)))),MIN(100,Config!$B$27*MAX(0,MIN(100,(1-IF($O7="",0,$O7))*100)) + Config!$B$28*MAX(0,MIN(100,(1-MIN(1,IF(Config!$B$30=0,1,$P7/Config!$B$30)))*100)) + Config!$B$29*MAX(0,MIN(100,MIN(1,IF($Q7="",0,$Q7)/Config!$B$23)*100))))),"") -> 85 | S7: =IF(Bids!$AC7="","",Bids!$AC7) -> 150 | T7: =IF(Bids!$F7="","",Bids!$F7) -> 46076.83 | U7: =IF(OR($F7="",$S7=""),"",IF($F7=0,"",($F7-$S7)/$F7)) | V7: =IF($U7="","",IF(Config!$B$17=Config!$B$16,IF($U7>=Config!$B$17,100,0),MAX(0,MIN(100,($U7-Config!$B$16)/(Config!$B$17-Config!$B$16)*100)))) | W7: =IF($L7="Elite",Config!$B$21,0) -> 0 | X7: =IFERROR(IF(OR($T7="",$G7=""),"",IF($T7>$G7, MAX(0, 60-(($T7-$G7)*24/Config!$B$19)*60), MEDIAN(60, 100, 60+(($G7-$T7)*24/Config!$B$20)*40) )),"") | Y7: =IF($J7="","",IFERROR(VLOOKUP($J7,Grinders!$A:$N,10,FALSE),"")) | Z7: =IF($J7="","",IFERROR(VLOOKUP($J7,Grinders!$A:$N,11,FALSE),"")) | AA7: =IF($J7="","",IFERROR(VLOOKUP($J7,Grinders!$A:$N,12,FALSE),"")) | AB7: =IF(OR(AL7=1,AM7=1),0,=IFERROR(IF(OR($C7="",$J7=""),0,IF($D7<>"Open",0,IF(COUNTIFS(GrinderServices!$A:$A,$J7,GrinderServices!$B:$B,$E7,GrinderServices!$D:$D,"Y")=0,0,IF($U7<Config!$B$16,0,IF(Config!$B$18=1,IF($N7>=$M7,0,1),1))))),"")) -> #ERROR! | AC7: =IFERROR((IF(OR(AL7=1,AM7=1),"",=IFERROR((IFERROR(IF($AB7=0,"",((Config!$B$6*$V7 + Config!$B$7*$R7 + Config!$B$8*$W7 + Config!$B$9*$X7 + Config!$B$10*$Y7 + Config!$B$11*$Z7 - Config!$B$12*$AA7)/Config!$B$13)+$AH7+$AI7),""))*(1-IFERROR(VLOOKUP(J7,Grinders!$A:$AB, 28, FALSE),0)),"")))*(1+AO7),"") -> #ERROR! | AD7: =IFERROR(IF($AC7="","",IF(AND($L7="Elite",$AB7=1,$N7<$M7),MIN(1+COUNTIFS($C$6:$C$1000,$C7,$AB$6:$AB$1000,1,$AC$6:$AC$1000,">"&$AC7),ROUNDUP(COUNTIFS($C$6:$C$1000,$C7,$AB$6:$AB$1000,1)/2,0)),1+COUNTIFS($C$6:$C$1000,$C7,$AB$6:$AB$1000,1,$AC$6:$AC$1000,">"&$AC7))),"") | AE7: =IFERROR(__xludf.DUMMYFUNCTION("IF($AC7="""","""",IF($AC7=IFERROR(MAX(FILTER($AC$6:$AC$1000,$C$6:$C$1000=$C7,$AB$6:$AB$1000=1)),),""WINNER"",""""))"),"#ERROR!") -> #ERROR! | AF7: =IFERROR(IF($C7="","",TEXTJOIN(" | ",TRUE,"Profit "&TEXT($U7,"0%")&" (P "&ROUND($V7,0)&")","Fair "&ROUND($R7,0),"Load "&$N7&"/"&$M7,"Recent7d "&$P7,"NewGrinder "&IF($AG7=0,"YES",""),"HighValueElite +"&$AI7,"Bonus +"&ROUND($AH7+$AI7,1),"Tier "&$L7,"Score "&ROUND($AC7,1))),"") | AG7: =IF($J7="","",COUNTIF(Assignments!$B:$B,$J7)) -> 0 | AH7: =IF($J7="","",IF(AND($AG7=0,$N7<$M7),Config!$B$43,0)) -> 0 | AI7: =IF($J7="","",IF(AND($L7="Elite",$F7>=Config!$B$41,$N7<$M7),Config!$B$42,0)) -> 0 | AK7: =IFERROR(VLOOKUP(J7,Grinders!$A:$Q,28,FALSE),0) -> 0 | AL7: =IF(Config!$B$1003<>"Y",0,IF(IFERROR(VLOOKUP(J7,Grinders!$A:$P,27,FALSE),0)>=3,IF(OR(F7>=Config!$B$1001,ISNUMBER(SEARCH(E7,Config!$B$1002))),1,0),0)) -> 0 | AM7: {=IFERROR(IF(INDEX(Bids!$AE:$AE,MATCH(B7,Bids!$A:$A,0))="Pending",1,0),0)} -> 0 | AN7: {=IF(C7="","",IFERROR(XLOOKUP(C7,Assignments!$C:$C,Assignments!$AU:$AU,0),0))} -> 0 | AO7: =IF(AND(Config!$B$1006="Y",AN7=1),Config!$B$1007,0) -> 0
